AlGaN,xbarrier,lsg,lg,lgd,Recess,Vth,ss,ss_at,i_on,i_off
0.01,0.10,0.75,1.50,10.00, 1.00,-0.7168295680488399,97.64962487661963,-0.7125,0.023125915031578948,2.0349001078947384e-12
0.01,0.10,0.75,1.50,10.00, 10.00,1.2388719299451283,109.25815803458369,1.1192666999999998,0.007948066931578948,7.191405756481118e-13
0.01,0.10,0.75,1.50,10.00, 3.00,-0.3114155764397494,81.01587405525503,-0.67316782,0.02302563265202414,2.1175073989551817e-12
0.01,0.10,0.75,1.50,10.00, 5.00,0.1686527271069323,104.54864012346249,0.0,0.022827462373819798,4.177032127653113e-12
0.01,0.10,0.75,1.50,10.00, 8.00,0.9046861659426897,114.40213251303864,0.81927492,0.021602670514306532,4.803171235205855e-12
0.01,0.10,0.75,1.50,4.00, 1.00,-0.7746232478599179,98.65553236902358,-0.7125,0.04465325452631579,4.725238771620373e-12
0.01,0.10,0.75,1.50,4.00, 10.00,1.2595111141632842,90.65302926313899,1.3909738,0.008902832131245632,7.983904050054727e-12
0.01,0.10,0.75,1.50,4.00, 3.00,-0.37312619750665993,99.56834481518989,-0.50595482,0.04427846419401842,8.457707124440966e-12
0.01,0.10,0.75,1.50,4.00, 5.00,0.13146437257492272,105.83158186351567,0.021798417,0.04354154058815222,1.3997928186842111e-12
0.01,0.10,0.75,1.50,4.00, 8.00,0.916855532053631,113.21553084477522,1.1691424,0.03914569325539225,4.216639251981789e-12
0.01,0.10,0.75,1.50,7.00, 1.00,-0.7375390160912498,98.05344771613797,-0.7125,0.030478784736842103,1.471021494736842e-12
0.01,0.10,0.75,1.50,7.00, 10.00,1.2435001968589934,100.31369383747459,1.2008303999999999,0.008417655228696592,1.072689297368423e-12
0.01,0.10,0.75,1.50,7.00, 3.00,-0.33306333942392863,98.47860106142049,-0.5305413,0.030304121569613967,1.0413729817850198e-12
0.01,0.10,0.75,1.50,7.00, 5.00,0.15448967371277064,105.86691959012026,0.057021210999999995,0.029959671169042447,-4.565390223684219e-13
0.01,0.10,0.75,1.50,7.00, 8.00,0.905308352265645,113.08265653228695,0.70068188,0.02786075351536099,4.025637434210526e-12
0.01,0.10,0.75,1.80,10.00, 1.00,-0.7022741063042877,97.18511806755602,-0.7125,0.02291643597894737,2.5110841473684204e-12
0.01,0.10,0.75,1.80,10.00, 10.00,1.2508387149609557,106.35469321588391,1.1421661,0.007068521235789473,9.836306276184209e-12
0.01,0.10,0.75,1.80,10.00, 3.00,-0.2946404849068111,99.26042616654323,-0.50738141,0.022797710148540994,7.040830112981169e-12
0.01,0.10,0.75,1.80,10.00, 5.00,0.18447133351751957,103.08525424580431,0.0,0.022564319680040395,1.4483316782021358e-12
0.01,0.10,0.75,1.80,10.00, 8.00,0.9184430276511228,114.42460349028325,0.94560528,0.02114302419055195,6.75388798684207e-13
0.01,0.10,0.75,1.80,4.00, 1.00,-0.7630263082654972,96.58717430646776,-0.87373672,0.043886013200000004,5.235212907660674e-12
0.01,0.10,0.75,1.80,4.00, 10.00,1.2613380550081204,104.78734811101485,1.0127403,0.007836640175298695,2.3089482235478735e-12
0.01,0.10,0.75,1.80,4.00, 3.00,-0.359192553546518,98.94256486810673,-0.50402919,0.04344767541832528,5.8158361900608e-12
0.01,0.10,0.75,1.80,4.00, 5.00,0.15380042976187572,104.72820738457995,0.0,0.0425951579664309,4.743675323201287e-13
0.01,0.10,0.75,1.80,4.00, 8.00,0.9524929652358074,99.30594748871692,1.2663496,0.03763645215891967,1.0203933810526316e-11
0.01,0.10,0.75,1.80,7.00, 1.00,-0.724338963948391,96.99026102708304,-0.73032869,0.030116320947368422,5.9910544532128e-12
0.01,0.10,0.75,1.80,7.00, 10.00,1.257452969647918,104.3552845236539,1.2202545,0.00744221938967221,8.715845692728596e-12
0.01,0.10,0.75,1.80,7.00, 3.00,-0.31867956852529344,99.60928546604787,-0.40055212,0.029910142326402146,1.1255512799055571e-11
0.01,0.10,0.75,1.80,7.00, 5.00,0.16886834775515633,106.28365848602253,0.18491185,0.02950772660142822,6.486998710526316e-12
0.01,0.10,0.75,1.80,7.00, 8.00,0.9330310169631306,112.30973380871359,1.2068931,0.027094793924667054,7.960480252631583e-12
0.01,0.10,0.75,2.00,10.00, 1.00,-0.6968974189280126,96.38645281851066,-0.7125,0.02277875832631579,-1.8545936262424157e-12
0.01,0.10,0.75,2.00,10.00, 10.00,1.265528031749026,103.0748190137968,1.2233813,0.006581571992600475,8.582163714267279e-12
0.01,0.10,0.75,2.00,10.00, 3.00,-0.2880400375859177,98.53063768805954,-0.50806755,0.022647823137638596,4.32770264542299e-12
0.01,0.10,0.75,2.00,10.00, 5.00,0.19070390774262672,102.83802349067643,-0.054615868,0.022392217537755773,6.086185481324868e-12
0.01,0.10,0.75,2.00,10.00, 8.00,0.9273004402772114,113.56190029208089,0.78345966,0.02084594705682247,1.0278184936842109e-11
0.01,0.10,0.75,2.00,4.00, 1.00,-0.7520132764039709,95.96373480502824,-0.75498672,0.043385928473684214,-2.070525715781272e-12
0.01,0.10,0.75,2.00,4.00, 10.00,1.275477567417587,98.14366337779559,1.2485747,0.007243053814274453,2.692202405420803e-12
0.01,0.10,0.75,2.00,4.00, 3.00,-0.34757065623064054,98.49394391801447,-0.49496361,0.04290799050284122,3.960964289637143e-12
0.01,0.10,0.75,2.00,4.00, 5.00,0.15985762459827754,103.26687079953862,0.0,0.041986599892099366,3.6325673641139972e-12
0.01,0.10,0.75,2.00,4.00, 8.00,0.9279279340765042,113.51043573292274,0.90736736,0.03669107016335974,9.358656797186708e-12
0.01,0.10,0.75,2.00,7.00, 1.00,-0.7174702796596744,96.95404747235915,-0.7125,0.0298799968,5.697040421052619e-13
0.01,0.10,0.75,2.00,7.00, 10.00,1.2718335667070901,92.46079811179234,1.3593885,0.006921289668232337,7.631496810526318e-12
0.01,0.10,0.75,2.00,7.00, 3.00,-0.3074508307786532,102.04576882984037,-0.2375,0.02965405258890044,3.983044731578948e-12
0.01,0.10,0.75,2.00,7.00, 5.00,0.17881738583905674,104.72538739052344,0.0,0.029214598692304184,2.7576945802631587e-12
0.01,0.10,0.75,2.00,7.00, 8.00,0.9282158559376945,110.50001884856083,0.79713469,0.026606886899736146,6.3140285732924685e-12
0.01,0.10,1.00,1.50,10.00, 1.00,-0.7256994042167715,97.91893242254585,-0.7125,0.022668161535274355,-4.5446352302631634e-13
0.01,0.10,1.00,1.50,10.00, 10.00,1.2384700840575644,107.87598966974316,1.1373819,0.007881060028881684,-6.697823716374509e-12
0.01,0.10,1.00,1.50,10.00, 3.00,-0.31793124254795624,98.70655755506817,-0.52762439,0.022571909771809638,7.076388209274217e-12
0.01,0.10,1.00,1.50,10.00, 5.00,0.16071126537122116,94.99639415831473,-0.22474916,0.022380769580306003,6.229275432180646e-13
0.01,0.10,1.00,1.50,10.00, 8.00,0.9040834878818129,113.8328593174986,0.73509554,0.021198476497013896,1.3945567377836789e-11
0.01,0.10,1.00,1.50,4.00, 1.00,-0.7913089076569693,95.80368603504911,-0.95,0.042977397553730354,7.678654929949824e-12
0.01,0.10,1.00,1.50,4.00, 10.00,1.2645891300091834,81.09566038877587,1.3500271000000001,0.008820716934607285,1.6669978915968003e-12
0.01,0.10,1.00,1.50,4.00, 3.00,-0.38423940915155197,99.26073335622564,-0.4635275,0.04262968390228704,4.5150598588667225e-12
0.01,0.10,1.00,1.50,4.00, 5.00,0.12185279211606447,102.49801601421595,-0.11054329,0.041942717779718405,5.057240776172784e-12
0.01,0.10,1.00,1.50,4.00, 8.00,0.9145015669487816,97.66941578685636,0.54601594,0.03783129500425472,1.637166867441572e-12
0.01,0.10,1.00,1.50,7.00, 1.00,-0.7480305035394871,98.1484527631625,-0.7125,0.029688927368421054,3.0868791052631557e-12
0.01,0.10,1.00,1.50,7.00, 10.00,1.2404258822664505,107.33769110647827,1.1100055,0.008346675428804778,8.168201399999998e-12
0.01,0.10,1.00,1.50,7.00, 3.00,-0.34260145554633675,99.22227567734383,-0.46642091,0.02952298149655036,4.821893897218599e-13
0.01,0.10,1.00,1.50,7.00, 5.00,0.1407686674200054,104.27712652949528,0.0,0.029194788514246464,7.817684786455796e-12
0.01,0.10,1.00,1.50,7.00, 8.00,0.9037717826072645,114.66026588921946,0.90339808,0.02719075941729327,4.996307842105257e-13
0.01,0.10,1.00,1.80,10.00, 1.00,-0.7143867598095671,96.38001851370356,-0.75050714,0.022467435968421053,5.864865159673795e-12
0.01,0.10,1.00,1.80,10.00, 10.00,1.2572153765206235,107.67493509094399,1.2934013999999998,0.007015208798235816,8.689901171641598e-12
0.01,0.10,1.00,1.80,10.00, 3.00,-0.30330377435671196,100.24853686220744,-0.2861875,0.022352765261217163,7.129891477764718e-12
0.01,0.10,1.00,1.80,10.00, 5.00,0.17455409678743736,103.89563130565064,0.0,0.022128356560794385,5.120678122484801e-12
0.01,0.10,1.00,1.80,10.00, 8.00,0.91907687736895,110.81129131550956,0.74896399,0.02075470029310339,1.0086422294736844e-11
0.01,0.10,1.00,1.80,4.00, 1.00,-0.7709310296812467,95.39832322570187,-0.89600425,0.042261555287891064,7.479375961462946e-12
0.01,0.10,1.00,1.80,4.00, 10.00,1.279275180847944,77.45438071712515,1.3434298,0.007767897364290324,1.0607066291712998e-11
0.01,0.10,1.00,1.80,4.00, 3.00,-0.3658298478736462,95.26518651039748,-0.57220534,0.041855580251268516,7.091544884919231e-12
0.01,0.10,1.00,1.80,4.00, 5.00,0.14893741084849493,105.36055579745394,0.11565455,0.04106116128082508,9.19357140658758e-12
0.01,0.10,1.00,1.80,4.00, 8.00,0.9210677061206969,113.02063725133912,0.81110852,0.03641341055777811,5.801556300343826e-12
0.01,0.10,1.00,1.80,7.00, 1.00,-0.7354118396462745,97.33619270535144,-0.7125,0.02934420076945516,1.9415773397631564e-12
0.01,0.10,1.00,1.80,7.00, 10.00,1.2525696263041852,104.31133987287818,1.1766426,0.007385877106274358,3.3103980167318812e-12
0.01,0.10,1.00,1.80,7.00, 3.00,-0.3291825865077624,96.65917183803813,-0.63777398,0.02914831883585,1.6431897140875698e-12
0.01,0.10,1.00,1.80,7.00, 5.00,0.16429438183346254,94.88429608517481,-0.10858181,0.028765717060187903,2.6174022885995806e-12
0.01,0.10,1.00,1.80,7.00, 8.00,0.9201996668125404,113.82410818508829,0.81231346,0.02645781669525449,6.254483155263156e-13
0.01,0.10,1.00,2.00,10.00, 1.00,-0.706056388641213,96.08268928285874,-0.7611875,0.02233386169473684,3.1352227098903643e-12
0.01,0.10,1.00,2.00,10.00, 10.00,1.2626190507027992,108.32301932362036,1.3147947,0.006533684573684211,-1.6407543513157862e-12
0.01,0.10,1.00,2.00,10.00, 3.00,-0.2981168213001123,99.36792473409609,-0.40337948,0.022207512186931427,3.660808237583699e-12
0.01,0.10,1.00,2.00,10.00, 5.00,0.1858800578433123,104.92337489790563,0.07956641099999999,0.021961455506696686,5.265635590789476e-12
0.01,0.10,1.00,2.00,10.00, 8.00,0.9281093210983891,114.90235080793319,1.0314298000000002,0.02046764550796063,4.366385442105265e-12
0.01,0.10,1.00,2.00,4.00, 1.00,-0.7715162033644245,95.4460301606675,-0.79106413,0.04180341714781635,9.52733395490918e-13
0.01,0.10,1.00,2.00,4.00, 10.00,1.2615670135311559,105.62684980314704,1.1059793,0.007186364257589445,1.2684055263157894e-11
0.01,0.10,1.00,2.00,4.00, 3.00,-0.36256752187600183,98.61891610649592,-0.48894568,0.04136001717224842,2.365834343454777e-12
0.01,0.10,1.00,2.00,4.00, 5.00,0.14867062280598337,104.51145988582118,0.0062116971,0.040497406583376847,9.217610755701902e-12
0.01,0.10,1.00,2.00,4.00, 8.00,0.9383309437831416,112.04244419960743,1.1502183000000001,0.03552629278477044,1.5733942631578946e-11
0.01,0.10,1.00,2.00,7.00, 1.00,-0.728193846167006,97.27268161317691,-0.7125,0.029119764385633684,2.106937226315789e-12
0.01,0.10,1.00,2.00,7.00, 10.00,1.2664434546787873,106.43307820088842,1.2807165,0.006869290307368421,1.7569897992078098e-12
0.01,0.10,1.00,2.00,7.00, 3.00,-0.32519730260053703,60.80046102564614,-0.64196446,0.028904735329349895,1.5018844136998695e-11
0.01,0.10,1.00,2.00,7.00, 5.00,0.1660687194944836,103.09897157347066,0.0,0.028486189807615143,9.30065166939588e-12
0.01,0.10,1.00,2.00,7.00, 8.00,0.9528142058068871,95.71215247545311,1.2824405,0.025991719688873136,5.797857605451121e-12
0.01,0.10,1.25,1.50,10.00, 1.00,-0.7360437525892001,98.17469734649406,-0.70968216,0.022228447389473684,3.0584003865305156e-13
0.01,0.10,1.25,1.50,10.00, 10.00,1.2616322913496993,83.17680150827138,1.3587608999999998,0.007819377427365054,8.323563999091209e-12
0.01,0.10,1.25,1.50,10.00, 3.00,-0.3268299865667697,99.71544397770592,-0.49155446,0.02213525249394943,9.797019386528069e-12
0.01,0.10,1.25,1.50,10.00, 5.00,0.1500924314510951,104.10659711778563,-0.038966508999999996,0.021951351284066528,2.792880320866547e-13
0.01,0.10,1.25,1.50,10.00, 8.00,0.9043390964625294,113.35840116004489,0.83048131,0.020809135416603026,4.520847608421057e-12
0.01,0.10,1.25,1.50,4.00, 1.00,-0.8042932353573128,95.88617055659836,-0.9210110999999999,0.041424353136842104,1.2189951494052342e-11
0.01,0.10,1.25,1.50,4.00, 10.00,1.268416840599736,78.50877539348888,1.3405953000000002,0.008744821925249346,1.1751069765711159e-11
0.01,0.10,1.25,1.50,4.00, 3.00,-0.40126632031450865,98.00309829863396,-0.59281829,0.04109947759555711,3.95538320123835e-12
0.01,0.10,1.25,1.50,4.00, 5.00,0.10711801831454801,104.2953357407717,0.0,0.040458453813856175,5.1639836156557975e-12
0.01,0.10,1.25,1.50,4.00, 8.00,0.9087027606745288,114.37089972581815,0.89991219,0.03660162398336879,8.702332118225088e-12
0.01,0.10,1.25,1.50,7.00, 1.00,-0.7594665890537863,98.32519598967446,-0.7125,0.028938634105263157,5.6091551473684226e-12
0.01,0.10,1.25,1.50,7.00, 10.00,1.24249374452773,105.07956108350253,1.1926926000000002,0.008273830252552012,4.0582538034539243e-13
0.01,0.10,1.25,1.50,7.00, 3.00,-0.35234180570551865,100.71190735051272,-0.2861875,0.02878013684253827,2.6202748043184846e-12
0.01,0.10,1.25,1.50,7.00, 5.00,0.13702361623691103,105.82087432265962,0.062311084,0.028467902827818362,2.5145662578947355e-12
0.01,0.10,1.25,1.50,7.00, 8.00,0.9340896318660065,98.8052156636345,1.2774101,0.02655026335223579,4.529404568421054e-12
0.01,0.10,1.25,1.80,10.00, 1.00,-0.7220601324831065,97.2878135381823,-0.71108688,0.022033929915789476,8.138590437802872e-12
0.01,0.10,1.25,1.80,10.00, 10.00,1.2551913015506462,99.72458982652807,1.2069446000000001,0.006963939124557725,1.833054272808589e-12
0.01,0.10,1.25,1.80,10.00, 3.00,-0.3091312804945193,96.65566461314023,-0.5194198,0.021923413641948487,2.653956583448e-12
0.01,0.10,1.25,1.80,10.00, 5.00,0.16553928306485102,104.81315697850914,0.069085645,0.02170710253302147,1.0553985645421318e-11
0.01,0.10,1.25,1.80,10.00, 8.00,0.9190621642631911,103.55627558661152,0.63348994,0.0203794691573024,3.794323964672354e-12
0.01,0.10,1.25,1.80,4.00, 1.00,-0.7907142193092964,96.07476781637237,-0.87373672,0.040760410442105266,4.329478106992825e-12
0.01,0.10,1.25,1.80,4.00, 10.00,1.2526773542492127,104.95358819077065,1.1700638,0.007706546748446526,8.0979782301678e-12
0.01,0.10,1.25,1.80,4.00, 3.00,-0.3880374803321598,98.2954850325709,-0.57657403,0.04037918482461997,1.6906819526147451e-12
0.01,0.10,1.25,1.80,4.00, 5.00,0.12976715950005419,105.42734314118884,0.13551287,0.03963732504600922,5.376213271612138e-12
0.01,0.10,1.25,1.80,4.00, 8.00,0.920953295665381,113.19554331390546,0.78060407,0.03526932653475911,-4.3545788881578953e-13
0.01,0.10,1.25,1.80,7.00, 1.00,-0.7371973783160537,89.97531403077471,-0.87373672,0.028610641006968106,4.4532134067743185e-12
0.01,0.10,1.25,1.80,7.00, 10.00,1.252500941080347,109.2995820631185,1.1216066,0.007323908644176467,2.3900895226261266e-12
0.01,0.10,1.25,1.80,7.00, 3.00,-0.3321427900427295,99.22035367699513,-0.48290779,0.028424337890984655,4.746726979219413e-12
0.01,0.10,1.25,1.80,7.00, 5.00,0.16263122503227542,104.67752413819548,0.0,0.028058937353889542,7.629222646817685e-12
0.01,0.10,1.25,1.80,7.00, 8.00,0.9193689638551414,113.38968385672358,0.71273887,0.025850284223893755,1.2307558516979188e-11
0.01,0.10,1.25,2.00,10.00, 1.00,-0.7143177549228549,97.0423547520176,-0.7125,0.02190748306315789,3.0362528010526323e-12
0.01,0.10,1.25,2.00,10.00, 10.00,1.2589341867232489,105.21926772527641,1.1107499,0.006487926328621285,3.402143552703084e-12
0.01,0.10,1.25,2.00,10.00, 3.00,-0.30664484592909647,98.70796397005854,-0.43369834,0.02178581618758526,1.5402475632845087e-11
0.01,0.10,1.25,2.00,10.00, 5.00,0.17697117900116982,105.0750008372085,0.0,0.021548095997282572,7.211968269736832e-13
0.01,0.10,1.25,2.00,10.00, 8.00,0.9276990088156782,110.14804990061141,0.8011604999999999,0.020103243777375157,7.158149421052646e-13
0.01,0.10,1.25,2.00,4.00, 1.00,-0.7825167756999303,97.42340571655475,-0.73032869,0.04033113263157895,1.117599558858992e-11
0.01,0.10,1.25,2.00,4.00, 10.00,1.2667577039650502,99.5176296760906,1.2409584999999999,0.007133136199857293,1.4454574689179596e-12
0.01,0.10,1.25,2.00,4.00, 3.00,-0.3789085690222257,98.03959516307438,-0.51951795,0.0399155693820699,1.5482851539925166e-12
0.01,0.10,1.25,2.00,4.00, 5.00,0.14641073794777013,104.71589262484846,0.0055158197,0.03911027106569523,3.92076209806069e-12
0.01,0.10,1.25,2.00,4.00, 8.00,0.9285752068930242,112.80714902657353,0.85995748,0.03443466238145426,4.38632430718782e-12
0.01,0.10,1.25,2.00,7.00, 1.00,-0.7387960115969532,97.31262481602533,-0.7125,0.028397503547368422,3.5040319263157886e-12
0.01,0.10,1.25,2.00,7.00, 10.00,1.2695649119762162,97.29788289557231,1.3824502,0.0068209922554301064,5.642915025345525e-12
0.01,0.10,1.25,2.00,7.00, 3.00,-0.33262017651077364,85.11618541952379,-0.77353693,0.02819207952753311,-3.429706549538355e-12
0.01,0.10,1.25,2.00,7.00, 5.00,0.16115888798389444,100.17939272251313,0.0,0.027792704937624,8.194291157894735e-12
0.01,0.10,1.25,2.00,7.00, 8.00,0.9405056402567339,99.13328421607265,1.1814786,0.0254041902238339,8.864109577278303e-12
0.01,0.10,1.50,1.50,10.00, 1.00,-0.7445507374320677,97.19073766245462,-0.94353102,0.021804730754759236,6.319056919158798e-12
0.01,0.10,1.50,1.50,10.00, 10.00,1.2426440944695771,104.91610550898127,1.1993842,0.007753881353645665,3.071577089473684e-12
0.01,0.10,1.50,1.50,10.00, 3.00,-0.3362481105870764,98.6524551000198,-0.55660575,0.021715079413032554,6.796726354012072e-12
0.01,0.10,1.50,1.50,10.00, 5.00,0.14264670511945649,104.42624423419903,0.0,0.02153728764726484,1.9113870974589068e-12
0.01,0.10,1.50,1.50,10.00, 8.00,0.904452377014906,112.60593104821841,0.77352499,0.020432470477459677,1.1825481763157911e-12
0.01,0.10,1.50,1.50,4.00, 1.00,-0.8169705974067563,92.57310181790156,-0.94858688,0.03998113896842105,3.152581702056545e-14
0.01,0.10,1.50,1.50,4.00, 10.00,1.2414139624784266,110.07880549831327,1.0978729,0.00866501101624267,9.970385894736839e-12
0.01,0.10,1.50,1.50,4.00, 3.00,-0.41627758936641046,98.39411532405174,-0.54667691,0.03967730444931898,1.997434192356788e-12
0.01,0.10,1.50,1.50,4.00, 5.00,0.09418825643196538,103.78397087003987,0.0,0.03907582391440285,5.110476778804411e-12
0.01,0.10,1.50,1.50,4.00, 8.00,0.905936094949411,113.87532895337688,0.80527033,0.03545086008666714,1.443107052631579e-11
0.01,0.10,1.50,1.50,7.00, 1.00,-0.7697458498446473,97.85962804218595,-0.95,0.028225879736842107,8.828520028947372e-12
0.01,0.10,1.50,1.50,7.00, 10.00,1.2552369721744367,94.33725200376207,1.3724982,0.008203207004579627,4.979075714359049e-12
0.01,0.10,1.50,1.50,7.00, 3.00,-0.36444736920021975,99.27751977288028,-0.50115312,0.028074879561304993,-2.029076348636926e-12
0.01,0.10,1.50,1.50,7.00, 5.00,0.12159100585994345,104.45022971648713,0.0,0.027776349954911593,-2.5470865289048505e-12
0.01,0.10,1.50,1.50,7.00, 8.00,0.9357190856857796,100.55867265282613,1.2510718,0.025940943105673357,6.5721741263157885e-12
0.01,0.10,1.50,1.80,10.00, 1.00,-0.7295728113490142,97.40097917451821,-0.7125,0.02161854537894737,6.780644072368305e-14
0.01,0.10,1.50,1.80,10.00, 10.00,1.2563559178483696,104.47712437000932,1.2167122,0.006912645589983902,1.85907096268722e-12
0.01,0.10,1.50,1.80,10.00, 5.00,0.1600542151507374,98.52017257511405,-0.11389148,0.02130265423642341,4.155981574247831e-12
0.01,0.10,1.50,1.80,10.00, 8.00,0.9488291100420698,98.65798868299653,1.2502301000000002,0.020018677028966314,8.80654730526316e-12
0.01,0.10,1.50,1.80,4.00, 1.00,-0.8015283878236767,84.69056354343198,-0.95,0.03936022107368421,5.5864858951228745e-12
0.01,0.10,1.50,1.80,4.00, 10.00,1.2522486804211965,105.96125911047824,1.1355383,0.007644526304432376,4.654457257894736e-12
0.01,0.10,1.50,1.80,4.00, 3.00,-0.3996437715631163,93.47896006240053,-0.63101231,0.039003623366551395,1.2303218204639992e-12
0.01,0.10,1.50,1.80,4.00, 5.00,0.11459316122677836,103.87333839615717,0.0,0.03830857874743143,7.322122395618141e-12
0.01,0.10,1.50,1.80,4.00, 8.00,0.9302914390400645,105.1732487555387,0.62939957,0.03419710544842575,2.6735973210526302e-12
0.01,0.10,1.50,1.80,7.00, 1.00,-0.7559051994745712,97.80368818324162,-0.7125,0.027914219336842107,9.243390657894736e-12
0.01,0.10,1.50,1.80,7.00, 10.00,1.2520372800423951,105.17254045922823,1.1716668,0.0072717590059789465,7.234376185435299e-12
0.01,0.10,1.50,1.80,7.00, 3.00,-0.34998950895410896,100.95531125517947,-0.475,0.027735826299177306,3.1063132578947347e-12
0.01,0.10,1.50,1.80,7.00, 5.00,0.14395920208632626,100.4611086648062,-0.11389148,0.027386700006542565,-3.181050237523858e-12
0.01,0.10,1.50,1.80,7.00, 8.00,0.9192765975349906,113.6584319171865,0.87129341,0.025271732456219054,1.842179384886395e-12
0.01,0.10,1.50,2.00,10.00, 1.00,-0.7226703355511382,96.89268036378606,-0.7125,0.021495785532330107,-1.3537244977840108e-12
0.01,0.10,1.50,2.00,10.00, 10.00,1.2615228522259414,109.04223874726992,1.0847685,0.0064412087604911366,1.6353803988635008e-12
0.01,0.10,1.50,2.00,10.00, 3.00,-0.31271779188427357,78.26592799744613,-0.59279861,0.02137867469521217,3.5145581798837855e-12
0.01,0.10,1.50,2.00,10.00, 5.00,0.16906593253174002,103.05667101000473,0.0,0.021149215612835497,1.6057044238667105e-12
0.01,0.10,1.50,2.00,10.00, 8.00,0.9280492347571041,113.29796367703082,0.79942654,0.01975105938270301,4.498656214566416e-12
0.01,0.10,1.50,2.00,4.00, 1.00,-0.7943158186089787,79.86284154167639,-0.99727438,0.03896017615789474,-2.4044644010471603e-13
0.01,0.10,1.50,2.00,4.00, 10.00,1.2737555364466286,100.91312457934818,1.2594343000000001,0.0070802449024982474,5.011139168421052e-12
0.01,0.10,1.50,2.00,4.00, 3.00,-0.3918865927332955,97.20111002446023,-0.57849107,0.038571313849907016,4.1383844543376117e-13
0.01,0.10,1.50,2.00,4.00, 5.00,0.13161261114695574,105.33885063928602,0.0,0.037817021420725204,3.614997016281594e-12
0.01,0.10,1.50,2.00,4.00, 8.00,0.9290118144342723,111.48165370126706,0.82853226,0.03341000320682646,6.465587540930395e-12
0.01,0.10,1.50,2.00,7.00, 1.00,-0.7491961110025896,97.3138652435243,-0.71108688,0.027709969948025263,4.561802091713044e-13
0.01,0.10,1.50,2.00,7.00, 10.00,1.261555999706981,108.20980938898019,1.3321524,0.006771909922126484,3.4691831105263157e-12
0.01,0.10,1.50,2.00,7.00, 3.00,-0.3441225408535627,95.22348649187477,-0.56509902,0.027514580999972435,1.3316624246141051e-11
0.01,0.10,1.50,2.00,7.00, 5.00,0.15361939860345236,101.35492800438894,0.0,0.02713276610226358,5.512025389473684e-12
0.01,0.10,1.50,2.00,7.00, 8.00,0.9414860131787841,113.88255848554863,1.1103775,0.02484379436822287,2.555503243070713e-12
0.01,0.15,0.75,1.50,10.00, 1.00,-1.9783284362722797,91.7031570382871,-1.9,0.05106169667368421,2.0501219894736837e-12
0.01,0.15,0.75,1.50,10.00, 10.00,1.106732010563582,110.39550097698346,1.2056843000000002,0.038588564004945765,-6.012618952399087e-12
0.01,0.15,0.75,1.50,10.00, 3.00,-1.4671107716712934,92.3446547683464,-1.425,0.05088842911698821,6.644351815436789e-12
0.01,0.15,0.75,1.50,10.00, 5.00,-0.8802591712791691,93.16576858495924,-0.95,0.05059044420526325,2.9763053263157887e-12
0.01,0.15,0.75,1.50,10.00, 8.00,0.3881519248594353,106.8697426156842,0.10150364,0.04909611500318737,6.600172448922779e-12
0.01,0.15,0.75,1.50,4.00, 1.00,-2.024785730989034,88.70302555422337,-1.9486875,0.08723828690526315,8.521961050739208e-12
0.01,0.15,0.75,1.50,4.00, 10.00,1.1089058563375747,103.37367137786822,0.92122414,0.05477355010823441,3.949995190807939e-12
0.01,0.15,0.75,1.50,4.00, 3.00,-1.5173162411155947,92.30453617258716,-1.6625,0.08676261531933474,3.841353150696829e-12
0.01,0.15,0.75,1.50,4.00, 5.00,-0.9363248237176328,95.33039878153595,-0.9986875,0.08585254153884253,7.28033670403538e-12
0.01,0.15,0.75,1.50,4.00, 8.00,0.36164323689727873,105.19439392713606,0.19582536,0.08154597843149629,-2.0472027914148423e-13
0.01,0.15,0.75,1.50,7.00, 1.00,-1.9954656152611794,92.52723181920771,-1.9,0.06441891096205474,4.35205460526316e-12
0.01,0.15,0.75,1.50,7.00, 10.00,1.107308436620975,110.94794649889924,1.1915228999999998,0.04538072148759418,2.133573484210529e-12
0.01,0.15,0.75,1.50,7.00, 3.00,-1.4860364069697947,92.78541157998349,-1.425,0.06415809004418863,4.737865621052629e-12
0.01,0.15,0.75,1.50,7.00, 5.00,-0.9008501678308529,93.80214878147301,-0.95,0.06368027960206088,1.4678611421052622e-12
0.01,0.15,0.75,1.50,7.00, 8.00,0.36801556532674207,109.09938337896048,0.25463375,0.061307421743489104,6.681072724551324e-12
0.01,0.15,0.75,1.80,10.00, 1.00,-1.9661212029809192,88.9020502739384,-1.9472744,0.0504702985885019,1.8632127291520707e-13
0.01,0.15,0.75,1.80,10.00, 10.00,1.1183889658654347,109.7231966502209,1.2727016000000002,0.0364992973932418,2.905056758525383e-12
0.01,0.15,0.75,1.80,10.00, 3.00,-1.4544017094768253,91.73855496507792,-1.425,0.05027745482632,1.0283975932894724e-12
0.01,0.15,0.75,1.80,10.00, 5.00,-0.8699483930306308,94.60965557169517,-0.95514829,0.049917702500380766,-1.6502172445120008e-12
0.01,0.15,0.75,1.80,10.00, 8.00,0.391230740074823,107.06451256328334,0.19068671,0.048175965678009955,3.6527650490424e-12
0.01,0.15,0.75,1.80,4.00, 1.00,-2.0124312318502673,86.21328982866015,-2.0482888999999997,0.08551379475169348,9.947909796602707e-12
0.01,0.15,0.75,1.80,4.00, 10.00,1.1544036987718178,83.51821174091455,1.3874983,0.050501097004371186,-2.257255500000001e-12
0.01,0.15,0.75,1.80,4.00, 3.00,-1.5041627669995796,93.17412076993512,-1.425,0.0849594474909205,6.660214652631584e-12
0.01,0.15,0.75,1.80,4.00, 5.00,-0.9226556041855705,94.12365410399221,-0.95,0.08393560560473849,9.92525342105263e-12
0.01,0.15,0.75,1.80,4.00, 8.00,0.387101784529838,107.01002263525666,0.18912573,0.07900918684644063,1.4282454720385354e-12
0.01,0.15,0.75,1.80,7.00, 1.00,-1.9827073353596008,85.20690366729681,-2.1375,0.0634641519266219,2.482089757894739e-12
0.01,0.15,0.75,1.80,7.00, 10.00,1.118743650454661,109.98823251908652,1.2804188,0.04246962144258186,4.683973044528343e-12
0.01,0.15,0.75,1.80,7.00, 3.00,-1.4745099748092307,90.31297398010459,-1.4486371999999998,0.06317765392506526,1.3336858327590827e-12
0.01,0.15,0.75,1.80,7.00, 5.00,-0.8895575816882679,79.90714980017705,-0.9986875,0.06260561616706231,-1.9619079228428528e-13
0.01,0.15,0.75,1.80,7.00, 8.00,0.3848337344353923,106.29866661507228,0.24187471,0.0598650885264,-1.0504318107902175e-13
0.01,0.15,0.75,2.00,10.00, 1.00,-2.0060543740083436,85.73788741217143,-2.0482888999999997,0.08440508772387369,7.733940620020716e-12
0.01,0.15,0.75,2.00,10.00, 10.00,1.162900169210076,81.57706079603687,1.3872719,0.048053133364372155,-1.3411249669854389e-12
0.01,0.15,0.75,2.00,10.00, 3.00,-1.4949457549032417,90.01163454000563,-1.4736875,0.08379671529265263,4.026310752267836e-12
0.01,0.15,0.75,2.00,10.00, 5.00,-0.9097230742466054,93.51389430642553,-0.95,0.08267629652323476,-4.2499798407985813e-13
0.01,0.15,0.75,2.00,10.00, 8.00,0.3946643776589499,107.56873841478027,0.15955393,0.07740248260909394,2.7362911634429755e-12
0.01,0.15,0.75,2.00,4.00, 1.00,-2.0060543740083436,85.73788741217143,-2.0482888999999997,0.08440508772387369,7.733940620020716e-12
0.01,0.15,0.75,2.00,4.00, 10.00,1.162900169210076,81.57706079603687,1.3872719,0.048053133364372155,-1.3411249669854389e-12
0.01,0.15,0.75,2.00,4.00, 3.00,-1.4949457549032417,90.01163454000563,-1.4736875,0.08379671529265263,4.026310752267836e-12
0.01,0.15,0.75,2.00,4.00, 5.00,-0.9097230742466054,93.51389430642553,-0.95,0.08267629652323476,-4.2499798407985813e-13
0.01,0.15,0.75,2.00,4.00, 8.00,0.3946643776589499,107.56873841478027,0.15955393,0.07740248260909394,2.7362911634429755e-12
0.01,0.15,0.75,2.00,7.00, 1.00,-1.9758516567834419,91.21248897341651,-1.9,0.06287048438947368,1.0396108568947372e-11
0.01,0.15,0.75,2.00,7.00, 10.00,1.1288678729464576,109.45616113428939,1.2008412,0.0407360194360636,2.711412526315789e-12
0.01,0.15,0.75,2.00,7.00, 3.00,-1.466775006788458,91.7120963209698,-1.425,0.06253125772378305,7.344416768421051e-12
0.01,0.15,0.75,2.00,7.00, 5.00,-0.8829618918414264,93.95431683505727,-0.87923094,0.06190654960449221,2.2146587295727973e-12
0.01,0.15,0.75,2.00,7.00, 8.00,0.40924506282647327,108.27209857636608,0.33592124,0.05895859967949558,3.750745981207417e-12
0.01,0.15,1.00,1.50,10.00, 1.00,-1.9838601454111457,90.01470338493128,-2.1375,0.050198794468732634,6.9932653717985504e-12
0.01,0.15,1.00,1.50,10.00, 10.00,1.1058557816937677,112.75303692343938,1.1545999,0.03806455460721985,7.572597407894737e-12
0.01,0.15,1.00,1.50,10.00, 3.00,-1.4740924623130505,92.29027796392592,-1.3775784,0.050044003374396635,2.053485902732039e-12
0.01,0.15,1.00,1.50,10.00, 5.00,-0.8857951275896055,94.84023610387821,-0.95,0.04974522674518905,-2.322781950043165e-12
0.01,0.15,1.00,1.50,10.00, 8.00,0.3746316644024371,102.22052591612771,0.032102708,0.048293066103444214,8.278818756402523e-12
0.01,0.15,1.00,1.50,4.00, 1.00,-2.0312884057134286,88.15022539545903,-2.0469218999999996,0.08472017525465853,2.135496126501436e-12
0.01,0.15,1.00,1.50,4.00, 10.00,1.141261820081728,83.77931644516005,1.3855018,0.053705992548652694,5.091178291429384e-12
0.01,0.15,1.00,1.50,4.00, 3.00,-1.5282824862808901,89.46263992601631,-1.6625,0.08431138954699012,1.0186639502207955e-12
0.01,0.15,1.00,1.50,4.00, 5.00,-0.9470646712117959,89.77489327247338,-1.1160244,0.08344653613477268,4.473193746538949e-12
0.01,0.15,1.00,1.50,4.00, 8.00,0.3718149444100836,109.37133073819935,0.32028547,0.07934803720433642,5.946889987315789e-12
0.01,0.15,1.00,1.50,7.00, 1.00,-2.002706120476217,90.1989945036865,-1.9472744,0.0630560968631579,6.400371146043268e-12
0.01,0.15,1.00,1.50,7.00, 10.00,1.1065113120548316,112.84798377528561,1.1508163999999999,0.04466324147204379,-4.854804259210527e-12
0.01,0.15,1.00,1.50,7.00, 3.00,-1.4939773910385963,91.51001774022038,-1.4722743999999999,0.06280150494211705,5.317917321749206e-12
0.01,0.15,1.00,1.50,7.00, 5.00,-0.9092644553503871,91.8598555495358,-0.99727438,0.062334427028951575,-2.8236387416679167e-12
0.01,0.15,1.00,1.50,7.00, 8.00,0.3659853571194055,109.02145090469311,0.29068489,0.06005792034536208,1.1543448989473681e-11
0.01,0.15,1.00,1.80,10.00, 1.00,-1.9717126039994397,88.98538500133401,-1.9472744,0.049632442557894736,5.299003434162321e-12
0.01,0.15,1.00,1.80,10.00, 10.00,1.1408029687254533,94.68231552003701,1.4401481000000003,0.03601405524333137,1.066584406578947e-11
0.01,0.15,1.00,1.80,10.00, 3.00,-1.460526328557951,91.71223158915613,-1.425,0.0494432691452,3.4106716907894653e-13
0.01,0.15,1.00,1.80,10.00, 5.00,-0.8734418259340813,93.83310506693338,-0.95,0.049100425869357325,-1.748287627998292e-12
0.01,0.15,1.00,1.80,10.00, 8.00,0.40130326628870633,106.06773129089402,0.12392709,0.04741069958947621,5.6335154964818525e-12
0.01,0.15,1.00,1.80,4.00, 1.00,-2.0176423333280353,86.33925369385915,-2.2320488,0.08311752500078311,7.533112857075258e-12
0.01,0.15,1.00,1.80,4.00, 10.00,1.1536333068048976,83.88627138905841,1.4053832,0.04961903157956086,5.398517588398034e-12
0.01,0.15,1.00,1.80,4.00, 3.00,-1.5162908628630953,89.4929078258011,-1.5459409,0.08259468283693815,1.1225765165913027e-11
0.01,0.15,1.00,1.80,4.00, 5.00,-0.928361252400024,93.2463220096262,-1.06875,0.08161015319599578,4.4497452736104075e-12
0.01,0.15,1.00,1.80,4.00, 8.00,0.3850197845737556,109.62107509005808,0.34803056,0.07693463876553444,1.6778021675511639e-12
0.01,0.15,1.00,1.80,7.00, 1.00,-1.9890183943397217,92.01858341711721,-1.9,0.06215019765927074,4.265149323475197e-12
0.01,0.15,1.00,1.80,7.00, 10.00,1.1203721918656235,109.09097065511466,1.2349431,0.041821736368714106,-1.2382177631577413e-14
0.01,0.15,1.00,1.80,7.00, 3.00,-1.4804457743213528,92.33519072296887,-1.425,0.0618587865795931,8.924965248684198e-13
0.01,0.15,1.00,1.80,7.00, 5.00,-0.895669878203083,93.48579016780249,-0.95,0.06130317328562281,1.5622061868421045e-12
0.01,0.15,1.00,1.80,7.00, 8.00,0.3873939313057916,99.88287785967916,0.0065434885,0.05867832384655158,1.0944066176423984e-11
0.01,0.15,1.00,2.00,10.00, 1.00,-1.9641323598749636,90.61532956840578,-1.9,0.04925605597894737,6.745987763157899e-12
0.01,0.15,1.00,2.00,10.00, 10.00,1.1260698601061276,109.51317148511258,1.2767537,0.03477224017598316,6.702658947368418e-12
0.01,0.15,1.00,2.00,10.00, 3.00,-1.4543541338512997,89.47740848568061,-1.6625,0.049047175651976006,4.161189368421051e-12
0.01,0.15,1.00,2.00,10.00, 5.00,-0.8677087970608001,93.1706860885933,-0.95,0.048671849950604855,3.5666742657894754e-12
0.01,0.15,1.00,2.00,10.00, 8.00,0.4021222262347955,106.1981239702376,0.17804694,0.046829824736832004,5.1305323368421055e-12
0.01,0.15,1.00,2.00,4.00, 1.00,-2.011826089980068,87.69566461618587,-1.9486875,0.08206571432008422,5.212865228533894e-12
0.01,0.15,1.00,2.00,4.00, 10.00,1.142422755287295,100.40954553572246,1.422652,0.04721527719403118,6.103331215789473e-12
0.01,0.15,1.00,2.00,4.00, 3.00,-1.5050319975949533,88.9422678918272,-1.6625,0.08149761803759158,2.346766056578946e-12
0.01,0.15,1.00,2.00,4.00, 5.00,-0.9229968030452281,94.05013467382282,-0.95,0.08042401425148335,3.5383101684210507e-12
0.01,0.15,1.00,2.00,4.00, 8.00,0.38645454228710246,108.07926714430306,0.12834543,0.07542430507093305,1.5841852458654436e-12
0.01,0.15,1.00,2.00,7.00, 1.00,-1.9819157720862914,91.49135520421083,-1.9,0.061568875186906104,-5.096596842763158e-12
0.01,0.15,1.00,2.00,7.00, 10.00,1.132183758941308,109.32735880164807,1.3825809,0.04014351262836889,6.513430289473688e-13
0.01,0.15,1.00,2.00,7.00, 3.00,-1.474631063217674,89.70599485832744,-1.4736875,0.06124750405158779,2.136503563790814e-12
0.01,0.15,1.00,2.00,7.00, 5.00,-0.8897032026066866,93.59286644720348,-0.95,0.06065028066423453,3.6172068421052615e-13
0.01,0.15,1.00,2.00,7.00, 8.00,0.39714262331010053,107.75992713573451,0.31014945,0.05780911223719242,9.03793662105263e-12
0.01,0.15,1.25,1.50,10.00, 1.00,-1.9895843943896652,88.3405496193894,-1.9486875,0.04937044268143579,7.705440696321348e-12
0.01,0.15,1.25,1.50,10.00, 10.00,1.1054749654563611,109.94635227045572,1.243023,0.03756067531523333,-3.0502569342105247e-12
0.01,0.15,1.25,1.50,10.00, 3.00,-1.4790189083597074,92.65054724621702,-1.425,0.049211927752127155,8.486177344736843e-12
0.01,0.15,1.25,1.50,10.00, 5.00,-0.8930283555205191,97.38132831231037,-0.99727438,0.048935799384111446,7.501437939769254e-12
0.01,0.15,1.25,1.50,10.00, 8.00,0.3657488276308787,104.12647305191325,0.006804010500000001,0.04752707028170858,1.6252437443541686e-11
0.01,0.15,1.25,1.50,4.00, 1.00,-2.041303121960155,83.85288879894671,-2.1718265,0.08238689913779579,2.686282373774798e-12
0.01,0.15,1.25,1.50,4.00, 10.00,1.1437201737360743,83.81252785387619,1.3880556999999998,0.052698875458672044,6.319426707274609e-12
0.01,0.15,1.25,1.50,4.00, 3.00,-1.5334718443567683,94.9489584531112,-1.6625,0.0819695748502276,2.9550844129845866e-12
0.01,0.15,1.25,1.50,4.00, 5.00,-0.952387531541928,93.76099896783536,-0.99727438,0.08115889541073684,1.638333303608397e-11
0.01,0.15,1.25,1.50,4.00, 8.00,0.3531105383882106,89.49355945920126,0.0,0.07727314009052227,3.7534092754752826e-12
0.01,0.15,1.25,1.50,7.00, 1.00,-2.0081661102476756,86.39238112075193,-2.1375,0.06174296417347032,2.5277444565789455e-12
0.01,0.15,1.25,1.50,7.00, 10.00,1.1422910610506611,83.95242427575148,1.3936313999999999,0.04393827967739284,-1.310982952937515e-13
0.01,0.15,1.25,1.50,7.00, 3.00,-1.4987512114159054,93.3004051590319,-1.425,0.06150146052866653,1.0166538589473685e-11
0.01,0.15,1.25,1.50,7.00, 5.00,-0.9173324562798326,94.25780159910629,-0.95,0.061061310834671735,1.419931147368422e-12
0.01,0.15,1.25,1.50,7.00, 8.00,0.3657369307450008,108.06083590933278,0.29956777,0.058867027642688204,8.832712783335035e-12
0.01,0.15,1.25,1.80,10.00, 1.00,-1.9768173689378152,91.42864266764282,-1.9,0.048812609109470315,-1.672406950000002e-12
0.01,0.15,1.25,1.80,10.00, 10.00,1.124481048729947,106.5930474792004,0.9085056999999999,0.03556267311667637,5.02333652631579e-12
0.01,0.15,1.25,1.80,10.00, 3.00,-1.4664393846221324,91.95643137110454,-1.425,0.04862960348342273,3.446645510526314e-12
0.01,0.15,1.25,1.80,10.00, 5.00,-0.8813753743966948,92.7679379741794,-0.9986875,0.04829356227317221,1.1342510300684789e-11
0.01,0.15,1.25,1.80,10.00, 8.00,0.3866918341314378,90.03711495932117,0.10700721,0.04666152571460505,4.4713193590426e-12
0.01,0.15,1.25,1.80,4.00, 1.00,-2.0256576552174836,89.07030671045149,-2.1375,0.08086019889473683,5.6182664421052655e-12
0.01,0.15,1.25,1.80,4.00, 10.00,1.1219531790473154,110.95253906811931,1.1764028999999998,0.04874990908355651,-4.776061669473686e-12
0.01,0.15,1.25,1.80,4.00, 3.00,-1.520261745151497,89.74865938610185,-1.6625,0.0803603315546,8.030176342105263e-12
0.01,0.15,1.25,1.80,4.00, 5.00,-0.9394944630265839,93.58586846024266,-0.95,0.07945647587368421,9.400593263157892e-12
0.01,0.15,1.25,1.80,4.00, 8.00,0.37841941066905405,107.614536676955,0.23835507,0.07498612052137223,4.974934457244633e-12
0.01,0.15,1.25,1.80,7.00, 1.00,-1.99518973835672,87.98178097475032,-2.0036843,0.06087753227376463,2.594013491341071e-12
0.01,0.15,1.25,1.80,7.00, 10.00,1.12250045651747,109.58638559483866,1.336843,0.04120673016168268,3.5056556767067803e-12
0.01,0.15,1.25,1.80,7.00, 3.00,-1.4841822515376473,81.67435048160738,-1.7097744,0.06059146561645769,5.539769450272167e-12
0.01,0.15,1.25,1.80,7.00, 5.00,-0.9052792362256485,93.61554173246222,-0.92242422,0.060079559574577064,2.5984269931457542e-12
0.01,0.15,1.25,1.80,7.00, 8.00,0.38979883643791646,108.0233107697344,0.26641038,0.057539818746724425,6.308550910413941e-12
0.01,0.15,1.25,2.00,10.00, 1.00,-1.970069799862676,88.6100813047889,-1.9472744,0.04845482490526316,7.8288422518528e-12
0.01,0.15,1.25,2.00,10.00, 10.00,1.125961647025258,113.97916780413956,1.1065388,0.03434680512022264,4.2356645315789474e-12
0.01,0.15,1.25,2.00,10.00, 3.00,-1.4595214007788588,91.60248547928622,-1.425,0.04825440615450442,8.639804184210528e-12
0.01,0.15,1.25,2.00,10.00, 5.00,-0.874907040621301,90.91904652098896,-1.0456722,0.047887980109275384,-7.952444327373876e-13
0.01,0.15,1.25,2.00,10.00, 8.00,0.39463410522804776,108.15279897948284,0.32035538,0.04610541079781052,-4.238067597368424e-12
0.01,0.15,1.25,2.00,4.00, 1.00,-2.0193802575650084,90.41985191833103,-1.9472744,0.07985080707647706,-3.5990630378751825e-12
0.01,0.15,1.25,2.00,4.00, 10.00,1.130872570017011,108.2553790382159,1.3085875,0.046427842504210316,-4.533678977724419e-13
0.01,0.15,1.25,2.00,4.00, 3.00,-1.5111849667484738,88.67012554132856,-1.6625,0.0793206713298,-3.050280108140637e-12
0.01,0.15,1.25,2.00,4.00, 5.00,-0.9281196850523203,94.0590660698594,-0.95,0.07831299525833685,8.25967797495748e-12
0.01,0.15,1.25,2.00,4.00, 8.00,0.39352784682906483,109.09447647981413,0.38292278,0.07355588838189583,7.895137087116808e-12
0.01,0.15,1.25,2.00,7.00, 1.00,-1.9880701387779607,90.36989152261796,-2.1375,0.060318136178947365,2.9303249131578945e-12
0.01,0.15,1.25,2.00,7.00, 10.00,1.1277806538257176,108.82958341404532,0.89133608,0.03957174968174574,1.2083359894736837e-11
0.01,0.15,1.25,2.00,7.00, 3.00,-1.4802019332784802,87.78135643009594,-1.6625,0.06000409373642821,5.933431373684209e-12
0.01,0.15,1.25,2.00,7.00, 5.00,-0.8969036862463717,94.0554542655761,-0.95,0.059419371951074905,5.4022995105263174e-12
0.01,0.15,1.25,2.00,7.00, 8.00,0.40287149555737845,107.63829931671143,0.23961300000000002,0.056682582492473245,-6.907766348019325e-12
0.01,0.15,1.50,1.50,10.00, 1.00,-1.9969131579740869,86.72526444975715,-2.0723425,0.0485582152,-7.2659094239427785e-12
0.01,0.15,1.50,1.50,10.00, 10.00,1.105763642347504,110.00350248448302,1.2279309999999999,0.03705722327807274,2.397823563157895e-12
0.01,0.15,1.50,1.50,10.00, 3.00,-1.4848477164545077,92.90380716496782,-1.425,0.048403558842454314,-1.2143263756578942e-12
0.01,0.15,1.50,1.50,10.00, 5.00,-0.9003689104789989,83.62160779336095,-1.0456722,0.048127170450777274,4.048951583395319e-12
0.01,0.15,1.50,1.50,10.00, 8.00,0.36498503904802315,107.06356701914196,0.11272562,0.04677348146315789,8.745593184210526e-12
0.01,0.15,1.50,1.50,4.00, 1.00,-2.0484740612772554,87.7750827841861,-2.0918547,0.08015228787368421,2.3359153259884014e-12
0.01,0.15,1.50,1.50,4.00, 10.00,1.138461620008965,84.19641335131487,1.3763273999999999,0.05171892507390818,9.663454736842104e-12
0.01,0.15,1.50,1.50,4.00, 3.00,-1.5417772154696243,88.67339283421407,-1.6625,0.07975440645278316,6.239004415789474e-12
0.01,0.15,1.50,1.50,4.00, 5.00,-0.9625027604852568,92.40961063927314,-0.9986875,0.07896990333264421,4.6666451933908275e-12
0.01,0.15,1.50,1.50,4.00, 8.00,0.3564763841174428,108.19725989922557,0.081684191,0.07527697266034424,1.0282580553583928e-12
0.01,0.15,1.50,1.50,7.00, 1.00,-2.0141672782158775,90.8345393518401,-2.1375,0.060481662526315795,-4.245165969292766e-12
0.01,0.15,1.50,1.50,7.00, 10.00,1.1074932229473673,109.92489370680663,1.2988515,0.04326812247019775,5.604918405204534e-12
0.01,0.15,1.50,1.50,7.00, 3.00,-1.5066913913245816,87.69258844293368,-1.6625,0.06025197314652463,3.863857973684211e-12
0.01,0.15,1.50,1.50,7.00, 5.00,-0.92675324196518,94.51241469178701,-0.93246013,0.05981096566210101,3.6482184141025456e-12
0.01,0.15,1.50,1.50,7.00, 8.00,0.3686922866633691,110.3906841474477,0.17811273,0.05769779763228463,6.797173836595532e-12
0.01,0.15,1.50,1.80,10.00, 1.00,-1.9836635049671036,87.62180832131982,-2.0048078,0.048023647621052636,7.694053820174333e-12
0.01,0.15,1.50,1.80,10.00, 10.00,1.1205946581753277,110.50202522629544,1.1866438,0.03510004234771037,7.805348947368417e-12
0.01,0.15,1.50,1.80,10.00, 3.00,-1.4718530218631458,92.12158396662265,-1.425,0.047847600027106835,2.9719626657894724e-12
0.01,0.15,1.50,1.80,10.00, 5.00,-0.8861778845926706,92.62422274153994,-0.95,0.047516817700050826,9.39211255263158e-12
0.01,0.15,1.50,1.80,10.00, 8.00,0.3964628511956383,105.38843762679159,0.25418145,0.04593510410995738,5.717335548168076e-12
0.01,0.15,1.50,1.80,4.00, 1.00,-2.0325027665443707,85.12104575954895,-2.1375,0.07869511143157895,8.656107470000842e-12
0.01,0.15,1.50,1.80,4.00, 10.00,1.1574250655895277,83.33486540360981,1.4016237,0.04788585217854779,9.517512624320066e-13
0.01,0.15,1.50,1.80,4.00, 3.00,-1.5275867810503219,93.04650210852414,-1.6625,0.07822139341631158,4.353309833693307e-12
0.01,0.15,1.50,1.80,4.00, 5.00,-0.9496791789850957,84.09406165934787,-1.1739291,0.0773594702885339,4.71631852870038e-12
0.01,0.15,1.50,1.80,4.00, 8.00,0.3683765258486666,105.26598788472525,0.091648038,0.07311775984689516,3.857212190707196e-12
0.01,0.15,1.50,1.80,7.00, 1.00,-2.001006510987488,89.2950294881735,-2.1375,0.05964977332631579,1.8004740342105247e-12
0.01,0.15,1.50,1.80,7.00, 10.00,1.1556442561896754,82.95984262781619,1.3990245000000001,0.04060499962030847,2.3566357381578936e-12
0.01,0.15,1.50,1.80,7.00, 3.00,-1.4937421398572148,92.85045781358406,-1.425,0.05937057063441684,8.980662977337419e-13
0.01,0.15,1.50,1.80,7.00, 5.00,-0.9107201718525525,93.3976618355101,-0.99727438,0.05886317256960926,1.072323529984878e-11
0.01,0.15,1.50,1.80,7.00, 8.00,0.3875066182336304,109.90169546452455,0.45718671,0.0564337091679488,4.088581023561415e-12
0.01,0.15,1.50,2.00,10.00, 1.00,-1.9744761194350489,88.49993839138307,-2.0492643,0.047662940736378105,5.390293574902646e-12
0.01,0.15,1.50,2.00,10.00, 10.00,1.1281221212679835,109.03125957337532,1.2188815,0.03392307273837346,1.2140718704811791e-11
0.01,0.15,1.50,2.00,10.00, 3.00,-1.4592566465885564,91.56742075330897,-1.425,0.04747168586934588,1.264743868798444e-12
0.01,0.15,1.50,2.00,10.00, 5.00,-0.8764395108273892,94.84455847209681,-0.79551219,0.04711517167885474,2.6105912645178994e-12
0.01,0.15,1.50,2.00,10.00, 8.00,0.3919195201118207,108.36044286668988,0.28480712,0.04538856438812284,7.653618162127203e-12
0.01,0.15,1.50,2.00,4.00, 1.00,-1.9836635049671036,87.62180832131982,-2.0048078,0.048023647621052636,7.694053820174333e-12
0.01,0.15,1.50,2.00,4.00, 10.00,1.1205946581753277,110.50202522629544,1.1866438,0.03510004234771037,7.805348947368417e-12
0.01,0.15,1.50,2.00,4.00, 3.00,-1.4718530218631458,92.12158396662265,-1.425,0.047847600027106835,2.9719626657894724e-12
0.01,0.15,1.50,2.00,4.00, 5.00,-0.8861778845926706,92.62422274153994,-0.95,0.047516817700050826,9.39211255263158e-12
0.01,0.15,1.50,2.00,4.00, 8.00,0.3964628511956383,105.38843762679159,0.25418145,0.04593510410995738,5.717335548168076e-12
0.01,0.15,1.50,2.00,7.00, 1.00,-1.9954791359368536,88.29427887348488,-2.0482888999999997,0.05910688415789473,-3.084467294019355e-12
0.01,0.15,1.50,2.00,7.00, 10.00,1.1295853204343573,108.69947726251362,0.94456867,0.03898508910930636,2.5287277537818974e-12
0.01,0.15,1.50,2.00,7.00, 3.00,-1.4874193305674153,90.63132789339878,-1.4722743999999999,0.058805795224902736,3.946647433880924e-12
0.01,0.15,1.50,2.00,7.00, 5.00,-0.9031283126100449,93.67263395788211,-0.95,0.05826517352302377,4.210671345532122e-12
0.01,0.15,1.50,2.00,7.00, 8.00,0.38724774740068013,106.32251071077067,0.0,0.05560824602405894,1.4263416486093592e-12
0.01,0.20,0.75,1.50,10.00, 1.00,-3.092961006910299,83.1253257099113,-3.0875,0.0747648902376101,3.741630321052632e-12
0.01,0.20,0.75,1.50,10.00, 10.00,0.9344920956002163,115.46953784679783,0.65715076,0.06633654681227452,1.0234528902727953e-11
0.01,0.20,0.75,1.50,10.00, 3.00,-2.4924007723004022,87.01756410200711,-2.6125,0.07463402215789473,2.530981552631578e-12
0.01,0.20,0.75,1.50,10.00, 5.00,-1.825716437521032,83.95922341564787,-1.9472744,0.07438918465745516,1.0344751737750969e-11
0.01,0.20,0.75,1.50,10.00, 8.00,-0.44137271827950736,98.74127934592873,-0.475,0.0731984246224797,6.1383139413952215e-12
0.01,0.20,0.75,1.50,4.00, 1.00,-3.1288449713812807,83.69557375741276,-3.0875,0.11835074042344422,2.682376657894737e-12
0.01,0.20,0.75,1.50,4.00, 10.00,0.9361938161272014,117.12896573034313,0.84875511,0.09783072113503068,1.1311721839473685e-11
0.01,0.20,0.75,1.50,4.00, 3.00,-2.532944459971766,71.54962212155937,-2.6125,0.11791723947654736,2.5730088188339864e-13
0.01,0.20,0.75,1.50,4.00, 5.00,-1.870663675966403,87.08801195951415,-1.9,0.11717434243692632,6.070817678947365e-12
0.01,0.20,0.75,1.50,4.00, 8.00,-0.4967767749325014,98.23094424250424,-0.7125,0.11439265321839698,-1.0131097234846812e-12
0.01,0.20,0.75,1.50,7.00, 1.00,-3.1069691811242217,83.2755207214065,-3.0875,0.0916515268651419,7.532508705263162e-12
0.01,0.20,0.75,1.50,7.00, 10.00,0.9351050726242818,110.7138277320849,0.65179947,0.07912694897503687,6.1659405147935264e-12
0.01,0.20,0.75,1.50,7.00, 3.00,-2.5080728345593286,90.3551361660206,-2.6125,0.0914203996300341,1.281656081578947e-11
0.01,0.20,0.75,1.50,7.00, 5.00,-1.8426902980016036,88.55190557052458,-1.9,0.09103776469405095,1.2215469926842103e-11
0.01,0.20,0.75,1.50,7.00, 8.00,-0.46631932188798614,98.9132669123262,-0.475,0.08928480293543305,-6.112197605263177e-13
0.01,0.20,0.75,1.80,10.00, 1.00,-3.0802408785157813,81.54921092312452,-3.0875,0.0737783052,7.79454342631579e-12
0.01,0.20,0.75,1.80,10.00, 10.00,0.9618105966837773,82.7331690056584,0.67186224,0.06413081053268449,-1.4921148645240102e-12
0.01,0.20,0.75,1.80,10.00, 3.00,-2.480703414700291,84.47110193351038,-2.4236875,0.07360627909652001,1.7755537690401673e-12
0.01,0.20,0.75,1.80,10.00, 5.00,-1.8124440598126608,84.14580526869129,-1.9,0.07332832577762106,1.8386502368421064e-12
0.01,0.20,0.75,1.80,10.00, 8.00,-0.4308037905087026,98.49613956102851,-0.475,0.07193787896377474,4.454250668421049e-12
0.01,0.20,0.75,1.80,4.00, 1.00,-3.115734267241305,82.91259057903196,-3.0875,0.11583380362566316,5.0303078000000026e-12
0.01,0.20,0.75,1.80,4.00, 10.00,0.9504625039071306,109.45910672911765,0.70389341,0.09297826648815201,5.138252410526313e-12
0.01,0.20,0.75,1.80,4.00, 3.00,-2.519670566774488,86.30000012561186,-2.6125,0.11529501397975157,4.899990068421052e-12
0.01,0.20,0.75,1.80,4.00, 5.00,-1.857460284116224,87.7985175868885,-1.9,0.11447942286389474,3.8422816236842085e-13
0.01,0.20,0.75,1.80,4.00, 8.00,-0.48071994360096537,98.25554591854323,-0.475,0.11127835341778276,-3.2981874570723682e-12
0.01,0.20,0.75,1.80,7.00, 1.00,-3.0944543195119163,82.77926580322288,-3.0875,0.09015426356565558,5.71943773026315e-13
0.01,0.20,0.75,1.80,7.00, 10.00,0.9496047705107268,102.49143171299968,0.651138,0.07595149893071032,8.203650582756219e-12
0.01,0.20,0.75,1.80,7.00, 3.00,-2.495583181773194,88.03121154406443,-2.6125,0.08987328237894737,8.390632657894736e-12
0.01,0.20,0.75,1.80,7.00, 5.00,-1.8304732908290156,85.91793680927707,-1.9,0.08941296376562233,9.831705821052633e-12
0.01,0.20,0.75,1.80,7.00, 8.00,-0.45063434467938934,98.21531422664859,-0.475,0.08740949777460333,3.9380295789473666e-13
0.01,0.20,0.75,2.00,10.00, 1.00,-3.073915960201307,82.43221437759794,-3.0875,0.07313177079614232,6.7395878947368375e-12
0.01,0.20,0.75,2.00,10.00, 10.00,0.9690420870147232,116.99591016420008,0.85730386,0.06273846932886282,2.8725898423848e-12
0.01,0.20,0.75,2.00,10.00, 3.00,-2.4744169369839297,84.2420728533762,-2.4236875,0.07294536323785432,1.6586437374323724e-12
0.01,0.20,0.75,2.00,10.00, 5.00,-1.8065180016333469,90.06964499670991,-1.9,0.07262997591824842,6.458139313157899e-12
0.01,0.20,0.75,2.00,10.00, 8.00,-0.4246850231675701,97.7699324170917,-0.475,0.07112150771013011,3.98112526842105e-12
0.01,0.20,0.75,2.00,4.00, 1.00,-3.1093915463751247,82.47948337978447,-3.0875,0.11424084357894737,3.169688952380369e-12
0.01,0.20,0.75,2.00,4.00, 10.00,0.9758295601021686,113.66740241860386,0.74209839,0.09000497836536628,2.1975775789473756e-13
0.01,0.20,0.75,2.00,4.00, 3.00,-2.5148264797081588,83.09265437840946,-2.4909322,0.11363584758810104,2.9883099553348087e-12
0.01,0.20,0.75,2.00,4.00, 5.00,-1.8517826376175714,86.27438431280312,-1.8285243999999998,0.11273337880966737,8.350707187313895e-12
0.01,0.20,0.75,2.00,4.00, 8.00,-0.46853111214768245,97.68163288690762,-0.475,0.10931293764351635,8.291809614753531e-12
0.01,0.20,0.75,2.00,7.00, 1.00,-3.0875616297151427,82.47392347509896,-3.0875,0.08917751618803875,1.3064642350000003e-11
0.01,0.20,0.75,2.00,7.00, 10.00,0.9590486026513325,117.38330297723635,0.83297919,0.07400204600279897,-4.236061002385271e-12
0.01,0.20,0.75,2.00,7.00, 5.00,-1.8254271727609312,84.60541654931929,-1.8970349999999998,0.0883614206219621,-4.279715264392075e-12
0.01,0.20,0.75,2.00,7.00, 8.00,-0.4414412452630018,98.00693074366677,-0.475,0.0862059252544956,6.38778310112001e-12
0.01,0.20,1.00,1.50,10.00, 1.00,-3.0964366793661497,80.7042924411184,-3.1347744,0.07365643268421053,2.0786899539315166e-12
0.01,0.20,1.00,1.50,10.00, 10.00,0.9342311434593792,116.5486051794151,0.67691573,0.06544739400660343,6.611770444958571e-12
0.01,0.20,1.00,1.50,10.00, 3.00,-2.4964084744462025,89.6618219967529,-2.6125,0.07352160029092716,5.207077674955125e-12
0.01,0.20,1.00,1.50,10.00, 5.00,-1.8292791086269946,84.211835262178,-1.9,0.07328284515814736,1.6670169122955593e-12
0.01,0.20,1.00,1.50,10.00, 8.00,-0.4477306432721001,98.59904273225638,-0.475,0.07212957236151046,9.411332660526314e-12
0.01,0.20,1.00,1.50,4.00, 1.00,-3.1326340257549563,83.85163166854397,-3.0875,0.1155508285467958,-4.059740211844801e-12
0.01,0.20,1.00,1.50,4.00, 10.00,0.9443185529841067,117.541080789362,0.87105191,0.09588295897675986,1.3083284421489932e-12
0.01,0.20,1.00,1.50,4.00, 5.00,-1.876453668331854,87.08348095689723,-1.9091356,0.11441538908260243,2.1787201400771587e-12
0.01,0.20,1.00,1.50,4.00, 8.00,-0.501809729840304,98.08680100502454,-0.7082858,0.1117724452251961,2.2251315326158e-12
0.01,0.20,1.00,1.50,7.00, 1.00,-3.1109337433091295,83.23040181384654,-3.0875,0.08998025408795958,2.3774563736842107e-12
0.01,0.20,1.00,1.50,7.00, 10.00,0.9349734240875771,117.44772567974331,0.86071285,0.0778554032712376,2.4190009894736835e-12
0.01,0.20,1.00,1.50,7.00, 3.00,-2.512558101148395,89.92413018569741,-2.6125,0.08975967207368421,1.3108650210526318e-11
0.01,0.20,1.00,1.50,7.00, 5.00,-1.8483791004743333,87.95713328417652,-1.9472744,0.08938040675789474,-1.4634244645057126e-12
0.01,0.20,1.00,1.50,7.00, 8.00,-0.4719678886860097,98.36305962733886,-0.475,0.08770803078595368,8.204058947368419e-12
0.01,0.20,1.00,1.80,10.00, 1.00,-3.0838132338836863,82.44203656910284,-3.0875,0.07270252994736842,1.513458931578946e-12
0.01,0.20,1.00,1.80,10.00, 10.00,0.9492757330589602,117.71179713054173,0.95658414,0.06328773805010274,4.1822582947368414e-12
0.01,0.20,1.00,1.80,10.00, 3.00,-2.48388904236252,90.29964980947379,-2.375,0.07252794849772211,7.519863573684209e-12
0.01,0.20,1.00,1.80,10.00, 5.00,-1.8175592797341347,86.73882982791083,-1.9,0.07224282339610105,6.918694910526317e-12
0.01,0.20,1.00,1.80,10.00, 8.00,-0.43842254019659205,98.94408025108282,-0.5236875,0.07091891390683787,1.0969322026562041e-13
0.01,0.20,1.00,1.80,4.00, 1.00,-3.119770803113126,83.42899691932897,-3.2209363,0.11315138362081158,5.673708103099482e-12
0.01,0.20,1.00,1.80,4.00, 10.00,0.9511014049324644,117.10383725051086,0.89742059,0.09121385372812625,3.1046166584608e-12
0.01,0.20,1.00,1.80,4.00, 3.00,-2.5239496569155233,83.22572454470566,-2.5410244,0.11262678872596217,9.144275026057113e-12
0.01,0.20,1.00,1.80,4.00, 5.00,-1.867356885208791,86.09511388307347,-1.88705,0.11182735662193233,1.7899243052619967e-12
0.01,0.20,1.00,1.80,4.00, 8.00,-0.4866944277992895,97.62344796387345,-0.48695343,0.10879963338691569,-4.971790561777327e-12
0.01,0.20,1.00,1.80,7.00, 1.00,-3.098132114029734,81.93902499929203,-3.0875,0.08853632888421052,5.892896310526316e-12
0.01,0.20,1.00,1.80,7.00, 10.00,0.9500918092797472,117.33696900354197,0.9152239999999999,0.07478303275686064,-1.640789650647396e-12
0.01,0.20,1.00,1.80,7.00, 3.00,-2.4999908744761967,83.31763008206038,-2.6125,0.08825372542105264,1.2127250513157896e-11
0.01,0.20,1.00,1.80,7.00, 5.00,-1.8357675812641376,89.48047338013006,-1.7111875,0.08780481083475285,-5.696405593895993e-12
0.01,0.20,1.00,1.80,7.00, 8.00,-0.4587933759665561,98.10798999990021,-0.52227437,0.08586810439600633,1.3022453646008414e-11
0.01,0.20,1.00,2.00,10.00, 1.00,-3.077064490589322,81.28245079424667,-3.0875,0.07207025654595031,4.670721870051031e-12
0.01,0.20,1.00,2.00,10.00, 10.00,0.9573630959247507,81.71297208290294,0.46304896,0.061936004571720236,8.540328463157893e-12
0.01,0.20,1.00,2.00,10.00, 3.00,-2.477450176374038,80.87930595930713,-2.6125,0.07187805132266357,6.6919152421052635e-12
0.01,0.20,1.00,2.00,10.00, 5.00,-1.8103904806508777,81.62650264456768,-1.9,0.07157228938497305,-1.7262514565789471e-12
0.01,0.20,1.00,2.00,10.00, 8.00,-0.43247151527535393,97.51404526353531,-0.49658122,0.07011567829342429,3.346739125561507e-12
0.01,0.20,1.00,2.00,4.00, 10.00,0.9588135977681775,117.35483239113995,0.9628035,0.08834309384420645,3.5156021157894765e-12
0.01,0.20,1.00,2.00,4.00, 3.00,-2.517910596458068,83.80878625447326,-2.6125,0.11104191490423157,4.119425057894734e-12
0.01,0.20,1.00,2.00,4.00, 5.00,-1.8567596880869348,86.57363927306281,-1.9,0.1101663687368421,4.811469552631578e-12
0.01,0.20,1.00,2.00,4.00, 8.00,-0.47503247854419495,97.80152277780124,-0.475,0.10690548440522106,8.866176310394255e-12
0.01,0.20,1.00,2.00,7.00, 1.00,-3.091659236032225,82.30615258264767,-3.0875,0.0876049419263158,1.0661081315789472e-11
0.01,0.20,1.00,2.00,7.00, 10.00,0.9588557678370556,116.10615195252652,0.74682438,0.07287851432977306,5.68092390039369e-12
0.01,0.20,1.00,2.00,7.00, 5.00,-1.8293695113600572,87.72190998247162,-1.9,0.08679389394035875,5.178988244710394e-12
0.01,0.20,1.00,2.00,7.00, 8.00,-0.4524669669739003,98.43204151205306,-0.52227437,0.08472189603544795,6.687506124281044e-12
0.01,0.20,1.25,1.50,10.00, 1.00,-3.1003743754851474,82.25177432912986,-3.1347744,0.07255501991175747,-2.99147871717021e-12
0.01,0.20,1.25,1.50,10.00, 10.00,0.9348904289700051,116.70494292491271,0.81073253,0.06456295926096006,6.332872459512658e-12
0.01,0.20,1.25,1.50,10.00, 3.00,-2.5002048594858337,81.91493447151785,-2.6125,0.07241892980172632,3.6135855131578966e-13
0.01,0.20,1.25,1.50,10.00, 5.00,-1.8335665122255616,85.96298461168364,-1.9,0.07218511736293179,2.4270584423190774e-12
0.01,0.20,1.25,1.50,10.00, 8.00,-0.45562440818762595,98.28264128785412,-0.475,0.07106596842834273,9.547165682860248e-14
0.01,0.20,1.25,1.50,4.00, 1.00,-3.1371446197875854,82.87029486782552,-3.1803543,0.1128689988232421,7.0681544467729185e-12
0.01,0.20,1.25,1.50,4.00, 10.00,0.9360133494192592,118.63108157667158,0.96581914,0.09398919554671605,8.5062812463387e-12
0.01,0.20,1.25,1.50,4.00, 3.00,-2.5433555415147184,76.88060081652027,-2.6611875,0.11243791199920422,3.505318137082272e-12
0.01,0.20,1.25,1.50,4.00, 5.00,-1.883651698857753,86.97790531691643,-1.9,0.11173990965232,3.3906671802631573e-12
0.01,0.20,1.25,1.50,4.00, 8.00,-0.5063043060021248,98.67401174143684,-0.475,0.10922626773921477,8.195163666623333e-12
0.01,0.20,1.25,1.50,7.00, 1.00,-3.041151959405338,87.50117009315542,-2.8069484,0.08725515924192001,-5.896564348141901e-12
0.01,0.20,1.25,1.50,7.00, 3.00,-2.586677583498968,82.3140042483497,-2.376796,0.08646079995498758,-9.42718230922634e-12
0.01,0.20,1.25,1.50,7.00, 5.00,-2.103048305376679,128.84788157097725,-1.6370575,0.08529445222509474,-2.04342302842642e-11
0.01,0.20,1.25,1.80,10.00, 1.00,-3.087740255262483,82.33946808853229,-3.0875,0.07161628476989979,-9.648326368421026e-13
0.01,0.20,1.25,1.80,10.00, 10.00,0.950167263446688,115.34293080564554,0.83723923,0.06245357323084645,8.469277909094401e-12
0.01,0.20,1.25,1.80,10.00, 5.00,-1.8219435835197104,85.886040112603,-1.9,0.07116653056677853,1.3687245684210529e-11
0.01,0.20,1.25,1.80,10.00, 8.00,-0.44232935331961964,98.39727725394013,-0.475,0.0698846287095141,6.094680024492797e-12
0.01,0.20,1.25,1.80,4.00, 1.00,-3.1249554299280544,83.36627038456884,-3.0875,0.11058076747368421,5.674878052631608e-13
0.01,0.20,1.25,1.80,4.00, 10.00,0.9514711939422485,112.31023922865509,0.72475275,0.08947910610513934,6.086672073684214e-12
0.01,0.20,1.25,1.80,4.00, 3.00,-2.5294156940551793,85.49164899853368,-2.6125,0.11005416867347789,1.3325859578947362e-11
0.01,0.20,1.25,1.80,4.00, 5.00,-1.8689267460889452,86.1154822813216,-1.9,0.1092527067296,6.590098778947365e-12
0.01,0.20,1.25,1.80,4.00, 8.00,-0.4945362664702725,92.45367306228658,-0.7125,0.10636756663836314,2.9485602389473692e-12
0.01,0.20,1.25,1.80,7.00, 1.00,-3.1022831372146698,82.75816101504122,-3.0875,0.08694416769473684,3.210672661498604e-12
0.01,0.20,1.25,1.80,7.00, 10.00,0.9507217500310771,115.509986874951,0.82819066,0.07362365480634842,3.792266486931198e-12
0.01,0.20,1.25,1.80,7.00, 3.00,-2.5043328544222727,86.87149424035515,-2.6125,0.08665235209601348,3.5868826263157916e-12
0.01,0.20,1.25,1.80,7.00, 5.00,-1.8414600506029288,77.33187831550646,-1.9472744,0.08623398186084126,5.619121671967994e-12
0.01,0.20,1.25,1.80,7.00, 8.00,-0.46716346518286794,97.28112183627721,-0.55491264,0.08437811952763222,4.663589787172248e-13
0.01,0.20,1.25,2.00,10.00, 1.00,-3.08052355707063,81.5201481101299,-3.0875,0.07100855384749474,4.198197452631581e-12
0.01,0.20,1.25,2.00,10.00, 10.00,0.9582200661768177,118.35263925813976,0.79159872,0.061136414360752116,3.5737600179775948e-12
0.01,0.20,1.25,2.00,10.00, 3.00,-2.4812205391661486,89.17663331359937,-2.6125,0.07081856514736842,5.2458602842105254e-12
0.01,0.20,1.25,2.00,10.00, 5.00,-1.8149015008976057,88.14147126583173,-1.9,0.07051221825181138,-1.694577737460526e-12
0.01,0.20,1.25,2.00,10.00, 8.00,-0.43290517810093865,98.05975337396004,-0.475,0.06911802385074274,1.0151091073952656e-11
0.01,0.20,1.25,2.00,4.00, 1.00,-3.118078757065452,82.60177510860494,-3.0875,0.10909072355973053,1.029557636842105e-11
0.01,0.20,1.25,2.00,4.00, 10.00,0.9597301987484825,115.38542175238132,0.81666536,0.08670806160682412,1.1121052083313981e-11
0.01,0.20,1.25,2.00,4.00, 3.00,-2.524804142071093,84.81601349443984,-2.6216356,0.10853330831578947,3.9870443436698845e-12
0.01,0.20,1.25,2.00,4.00, 5.00,-1.8636264279933201,86.30625383080798,-1.8853293000000002,0.10764829051998316,7.535296348586947e-12
0.01,0.20,1.25,2.00,4.00, 8.00,-0.4828986124617263,97.6418451118963,-0.52227437,0.10459362490101916,1.1190165525174962e-11
0.01,0.20,1.25,2.00,7.00, 1.00,-3.0954343797309334,82.03508319253929,-3.0875,0.08603939274736842,9.834635421052629e-12
0.01,0.20,1.25,2.00,7.00, 10.00,0.9580152388833496,111.52051372685898,0.74616667,0.07177192606901868,5.238612361049605e-12
0.01,0.20,1.25,2.00,7.00, 3.00,-2.4974843617567313,81.76495047496793,-2.6125,0.08571521388791031,-9.613328714473687e-13
0.01,0.20,1.25,2.00,7.00, 5.00,-1.83475700361658,89.35695740337805,-1.7111875,0.08523845643005053,-5.1345896482864865e-12
0.01,0.20,1.25,2.00,7.00, 8.00,-0.4550822569969348,98.26233664918816,-0.52227437,0.08323469025686737,9.275707135370947e-12
0.01,0.20,1.50,1.50,10.00, 1.00,-3.1033144400538717,82.94553711299395,-3.0875,0.07147562348958315,3.446459363157895e-12
0.01,0.20,1.50,1.50,10.00, 10.00,0.9338511511775771,116.5787322882119,0.72323616,0.06369150798690708,7.39963826823803e-12
0.01,0.20,1.50,1.50,10.00, 3.00,-2.5040441889414757,86.11288012853574,-2.6125,0.07133683116863664,6.668925065956788e-12
0.01,0.20,1.50,1.50,10.00, 5.00,-1.8385379656786063,82.60963630991635,-1.9,0.07110646751221895,-3.0516173776315786e-12
0.01,0.20,1.50,1.50,10.00, 8.00,-0.4620747755352014,97.78059344586244,-0.475,0.07003704685239565,1.0559028080108776e-11
0.01,0.20,1.50,1.50,4.00, 1.00,-3.1423720987232846,84.31829057977083,-3.0875,0.11026480215541894,-6.000953212500001e-12
0.01,0.20,1.50,1.50,4.00, 10.00,0.9348758204587452,98.71952772830824,0.68924614,0.09214873433284979,1.819484802580896e-12
0.01,0.20,1.50,1.50,4.00, 3.00,-2.5479995142555802,91.18310991126167,-2.4222744,0.10984097036698105,5.563025749020978e-12
0.01,0.20,1.50,1.50,4.00, 5.00,-1.8878800994610885,86.49550242007598,-1.9,0.10918246852631579,7.706706178947369e-13
0.01,0.20,1.50,1.50,4.00, 8.00,-0.5183563237406111,98.6125978831711,-0.475,0.10678111254654163,2.9063049263157898e-12
0.01,0.20,1.50,1.50,7.00, 1.00,-3.118794875203241,83.51704112599482,-3.0875,0.08673679688421053,2.918812427631578e-12
0.01,0.20,1.50,1.50,7.00, 10.00,0.9341691799190843,118.40767534515284,0.94640529,0.07536900112919354,7.529309842105268e-12
0.01,0.20,1.50,1.50,7.00, 3.00,-2.5212623581324403,87.85837393991544,-2.6125,0.08651764954736842,2.4427923989473704e-12
0.01,0.20,1.50,1.50,7.00, 5.00,-1.8582002462381018,87.48911114371882,-1.9,0.08614207989882779,1.7546723684211906e-14
0.01,0.20,1.50,1.50,7.00, 8.00,-0.48810345071408623,98.59091745861501,-0.475,0.08459622134569432,2.6778642153452736e-12
0.01,0.20,1.50,1.80,10.00, 1.00,-3.090806621820536,82.5874779568822,-3.0875,0.07056829172344169,7.49037917894737e-12
0.01,0.20,1.50,1.80,10.00, 10.00,0.9495538972472461,118.2055774354902,0.98660212,0.0616439342905919,1.8487783694736847e-12
0.01,0.20,1.50,1.80,10.00, 3.00,-2.4923022704096027,84.62478141546343,-2.4236875,0.07039425935519157,6.534404341056776e-13
0.01,0.20,1.50,1.80,10.00, 5.00,-1.8255459661606006,84.65073610443545,-1.9,0.07013623531795454,6.421439974342105e-12
0.01,0.20,1.50,1.80,10.00, 8.00,-0.44845708466291023,98.99171548839018,-0.52227437,0.06888485277867734,1.1513855146829499e-11
0.01,0.20,1.50,1.80,4.00, 1.00,-3.129195408633696,83.50251307297155,-3.0875,0.10807739957894737,6.013410968421052e-12
0.01,0.20,1.50,1.80,4.00, 10.00,0.9504222827177354,117.5237527425528,0.93568488,0.0878038713837743,3.683316092105262e-12
0.01,0.20,1.50,1.80,4.00, 3.00,-2.534178952959229,82.86565153488901,-2.6125,0.10756247204295578,4.7415923242889966e-12
0.01,0.20,1.50,1.80,4.00, 5.00,-1.8730756468763048,86.21090442502354,-1.9,0.10678721266995789,4.86453955e-12
0.01,0.20,1.50,1.80,4.00, 8.00,-0.5020307422901179,98.256106488366,-0.475,0.10406410286507961,3.458529049360167e-12
0.01,0.20,1.50,1.80,7.00, 1.00,-3.1058309759383262,82.37198779088298,-3.0875,0.08539277793585853,5.752745365789472e-12
0.01,0.20,1.50,1.80,7.00, 10.00,0.9498654007807066,117.36134639610754,0.92296683,0.0724934897536855,3.562714757499998e-12
0.01,0.20,1.50,1.80,7.00, 3.00,-2.508612975761108,84.21806267029096,-2.6125,0.0851096768241162,9.163274252631579e-12
0.01,0.20,1.50,1.80,7.00, 5.00,-1.8454467404017958,87.57062351692205,-1.9,0.08467982003082947,4.334059889473686e-12
0.01,0.20,1.50,1.80,7.00, 8.00,-0.470965532926345,93.13331451917799,-0.63661046,0.08291814667332072,7.748856381230653e-12
0.01,0.20,1.50,2.00,10.00, 1.00,-3.083727070355037,84.04603519169923,-3.0372605999999998,0.06997341732636744,2.5108209199972207e-12
0.01,0.20,1.50,2.00,10.00, 10.00,0.9579866713820511,105.08100138842782,0.7121316999999999,0.060343639379877315,1.0152426312797664e-11
0.01,0.20,1.50,2.00,10.00, 3.00,-2.4848627337228826,87.16495096688978,-2.5928478,0.06977270494350767,1.6181456508104119e-12
0.01,0.20,1.50,2.00,10.00, 5.00,-1.8205088996327532,88.26097960629582,-1.9,0.06948211273319074,5.913555048028286e-12
0.01,0.20,1.50,2.00,10.00, 8.00,-0.43665718941266785,98.14866837625354,-0.40423094,0.06813600775494147,-3.2211668821037107e-12
0.01,0.20,1.50,2.00,4.00, 1.00,-3.122126112735957,83.02698835912867,-3.0875,0.10666750347250527,1.4239663131578959e-12
0.01,0.20,1.50,2.00,4.00, 10.00,0.976081652212477,109.16714358291227,1.3263758999999997,0.08513484315694764,1.9160236578947356e-12
0.01,0.20,1.50,2.00,4.00, 3.00,-2.5272909810880635,85.59921771389739,-2.6125,0.10609570880908632,2.229922596842106e-12
0.01,0.20,1.50,2.00,4.00, 5.00,-1.8675968401757614,85.48198255143551,-1.9,0.10525778031578947,5.837942915156205e-12
0.01,0.20,1.50,2.00,4.00, 8.00,-0.4916150124306655,97.75793865137524,-0.475,0.10233883847930521,6.245058099977454e-12
0.01,0.20,1.50,2.00,7.00, 1.00,-3.099761216207685,81.69935646686008,-3.0875,0.08451547876636126,2.0802158526315784e-12
0.01,0.20,1.50,2.00,7.00, 10.00,0.960370634425522,115.61257259283724,0.71760749,0.07068469407479114,4.64823699473684e-12
0.01,0.20,1.50,2.00,7.00, 3.00,-2.501410145964393,78.57639714391055,-2.6125,0.08420258296466863,8.277808747368423e-12
0.01,0.20,1.50,2.00,7.00, 5.00,-1.8376357397377545,88.01931002154744,-1.9,0.08374604762798905,1.529215446052632e-13
0.01,0.20,1.50,2.00,7.00, 8.00,-0.46090162359566855,98.1958055135899,-0.475,0.08182244518666947,4.024621855769892e-12
0.01,0.25,0.75,1.50,10.00, 1.00,-4.09702738470881,77.55006536835336,-4.1303543,0.09439459952631579,5.121111490860842e-12
0.01,0.25,0.75,1.50,10.00, 10.00,0.648338979804713,108.58966381954703,0.35822009999999993,0.08779417372968337,2.6483107393793617e-12
0.01,0.25,0.75,1.50,10.00, 3.00,-3.4082637594812653,84.00536428573317,-3.325,0.09397511954736842,5.613128210526318e-12
0.01,0.25,0.75,1.50,10.00, 5.00,-2.66014427654385,83.86964932920687,-2.6125,0.09341493853837995,9.079355552716796e-12
0.01,0.25,0.75,1.50,10.00, 8.00,-1.2024328008208103,91.04015002311364,-1.1875,0.09198947360206619,3.130925521052633e-12
0.01,0.25,0.75,1.50,4.00, 1.00,-4.12399904352515,82.77473246908893,-4.0375,0.1412405746107158,4.051146752631578e-12
0.01,0.25,0.75,1.50,4.00, 10.00,0.6472016983057537,104.3472697907365,0.39452994,0.12630824348506947,3.0252254681776666e-12
0.01,0.25,0.75,1.50,4.00, 5.00,-2.6970292872827875,80.18906055783758,-2.85,0.13894185447228632,6.3143686435439235e-12
0.01,0.25,0.75,1.50,4.00, 8.00,-1.256630522522718,92.00525445395117,-1.1875,0.13529835143514854,5.8571188079380134e-12
0.01,0.25,0.75,1.50,7.00, 1.00,-4.107324294857077,81.5950493823895,-4.0375,0.11316496520757895,5.047248528064508e-12
0.01,0.25,0.75,1.50,7.00, 10.00,0.6454196533461096,115.03851646574537,0.5968165,0.10362825134527999,1.7062201779584103e-12
0.01,0.25,0.75,1.50,7.00, 3.00,-3.420496615370793,84.86772749343872,-3.325,0.11254796403145263,-4.616609081578946e-12
0.01,0.25,0.75,1.50,7.00, 5.00,-2.67620564676819,84.54358020434839,-2.6125,0.11173911691489684,3.5182569473684196e-12
0.01,0.25,0.75,1.50,7.00, 8.00,-1.2284968268400818,91.39965055454721,-1.1875,0.10956804306743387,4.7528928736842125e-12
0.01,0.25,0.75,1.80,10.00, 1.00,-4.084652183947493,80.36458061023588,-4.0375,0.09312334776842104,6.9430866157894745e-12
0.01,0.25,0.75,1.80,10.00, 10.00,0.6653947891383101,106.95399487788403,0.49487128,0.08553126746406653,1.4556025853639153e-11
0.01,0.25,0.75,1.80,10.00, 3.00,-3.396470398043649,83.26965146366618,-3.325,0.09263662807950315,8.776974794736841e-12
0.01,0.25,0.75,1.80,10.00, 5.00,-2.649797073711797,83.46611776951018,-2.6125,0.0919932619739019,1.947023705263158e-12
0.01,0.25,0.75,1.80,10.00, 8.00,-1.193372858340013,89.7041140373852,-1.2347743999999998,0.09032632560356928,7.8091052990912e-12
0.01,0.25,0.75,1.80,4.00, 1.00,-4.111025977588432,81.75908780855488,-4.0375,0.13836873042105263,1.1389064315789474e-11
0.01,0.25,0.75,1.80,4.00, 10.00,0.6624100718890666,111.64810479077825,0.46079582,0.12158783457530688,5.1883534947368434e-12
0.01,0.25,0.75,1.80,4.00, 3.00,-3.426328155733569,85.39166422764872,-3.325,0.1372483487368421,-2.96726292105264e-13
0.01,0.25,0.75,1.80,4.00, 5.00,-2.6850172428930885,84.84989142162708,-2.6125,0.1357618982187116,4.623714378947368e-12
0.01,0.25,0.75,1.80,4.00, 8.00,-1.24132822936432,90.23298217811502,-1.2347743999999998,0.13159347813957054,-5.104877265383151e-12
0.01,0.25,0.75,1.80,7.00, 1.00,-4.095122397007945,80.69968702374582,-4.0375,0.11132156136842106,1.3792504600000006e-12
0.01,0.25,0.75,1.80,7.00, 10.00,0.6639542018583448,108.12884691197978,0.48995857,0.1004539960172362,1.3467955736842107e-11
0.01,0.25,0.75,1.80,7.00, 3.00,-3.408375577739034,79.3573466438757,-3.5625,0.11062177979713685,3.861211213157898e-12
0.01,0.25,0.75,1.80,7.00, 5.00,-2.6645014790024226,83.88032105455592,-2.6125,0.10968219977128421,2.6581074026315786e-12
0.01,0.25,0.75,1.80,7.00, 8.00,-1.212215283345465,90.14016078989737,-1.1807298000000002,0.10717355491587631,1.1040381419032334e-11
0.01,0.25,0.75,2.00,10.00, 1.00,-4.078561361889214,79.69261111488277,-4.0375,0.09229017525263158,1.523659051996364e-11
0.01,0.25,0.75,2.00,10.00, 10.00,0.6740954063438672,114.65416672202622,0.66661604,0.08408313612234714,8.715305206051869e-12
0.01,0.25,0.75,2.00,10.00, 3.00,-3.390124737396162,82.8696305217618,-3.325,0.09177759430526315,1.0307511384210527e-11
0.01,0.25,0.75,2.00,10.00, 5.00,-2.6441268935897306,83.1334083592527,-2.6125,0.09107297519518737,1.2519341210526314e-11
0.01,0.25,0.75,2.00,10.00, 8.00,-1.1859268156760467,89.87616180388666,-1.1994534,0.08926204296084504,-1.0536468755779616e-14
0.01,0.25,0.75,2.00,4.00, 1.00,-4.104780069290731,78.46000239068648,-4.0847744,0.1365035561780758,1.9875253348320568e-13
0.01,0.25,0.75,2.00,4.00, 10.00,0.6758550626794076,114.41495974212248,0.67029005,0.11861780263761584,7.145860526462652e-12
0.01,0.25,0.75,2.00,4.00, 3.00,-3.420777370980239,79.16185196266082,-3.4195488,0.1353211505725684,2.5231345142969927e-12
0.01,0.25,0.75,2.00,4.00, 5.00,-2.6781444627895965,84.40791719606558,-2.6125,0.1337162862307284,6.024155205263154e-12
0.01,0.25,0.75,2.00,4.00, 8.00,-1.233916433056954,89.73838193155939,-1.2347743999999998,0.1292423719632173,-1.447526712821916e-14
0.01,0.25,0.75,2.00,7.00, 1.00,-4.088628346056064,80.29311463181863,-4.0375,0.11012463136842106,6.830173963157898e-12
0.01,0.25,0.75,2.00,7.00, 10.00,0.6929100319512467,113.53619320599358,0.59690862,0.0984634186497855,5.884123178947371e-12
0.01,0.25,0.75,2.00,7.00, 3.00,-3.4021275583939796,83.6184044483264,-3.325,0.10937822621052631,1.0954514144736844e-11
0.01,0.25,0.75,2.00,7.00, 5.00,-2.6575882337635157,83.47514608338336,-2.6125,0.10835529339317053,6.352799284868422e-12
0.01,0.25,0.75,2.00,7.00, 8.00,-1.2050255599287547,89.7460446225851,-1.1994534,0.10564582023337685,4.218967088103381e-12
0.01,0.25,1.00,1.50,10.00, 1.00,-4.099124480104736,81.2025784893993,-4.0375,0.0931115983894737,9.051985742105267e-12
0.01,0.25,1.00,1.50,10.00, 10.00,0.647807006915073,116.8239659096296,0.7156768,0.0866510690267621,-1.5178812321037381e-12
0.01,0.25,1.00,1.50,10.00, 3.00,-3.410971695099099,84.19678386518582,-3.325,0.09269838498947368,-3.6612600215695896e-13
0.01,0.25,1.00,1.50,10.00, 5.00,-2.6654917657749007,84.25963782709785,-2.6125,0.0921565981599259,7.291333907894739e-12
0.01,0.25,1.00,1.50,10.00, 8.00,-1.211749651245175,90.4353565682814,-1.2820486999999998,0.09074128692350315,4.222310766523185e-12
0.01,0.25,1.00,1.50,4.00, 1.00,-4.1290645546796645,76.10238821855043,-4.3695488,0.13838970157894737,6.402672960034065e-12
0.01,0.25,1.00,1.50,4.00, 10.00,0.6464635382132462,114.7383891604172,0.5714575,0.1240014725340456,6.177776200612e-13
0.01,0.25,1.00,1.50,4.00, 3.00,-3.4461353007546998,78.83069523538182,-3.562785,0.1374071270838253,6.171086905118907e-12
0.01,0.25,1.00,1.50,4.00, 5.00,-2.7011058496697533,83.45625445901963,-2.654282,0.1361394160374835,4.4424750039027934e-12
0.01,0.25,1.00,1.50,7.00, 1.00,-4.1101900157868165,81.87715736788033,-4.0375,0.11132601784421052,1.2482560000000001e-11
0.01,0.25,1.00,1.50,7.00, 10.00,0.6451252508020248,114.52389867035521,0.57736767,0.1020645564848,-2.6473498635469057e-13
0.01,0.25,1.00,1.50,7.00, 3.00,-3.4235470365807004,85.1785775363512,-3.325,0.11072119966064842,5.703798038947373e-12
0.01,0.25,1.00,1.50,7.00, 5.00,-2.67902236722035,84.6662905642048,-2.6125,0.10993036369552,3.1775653789473668e-12
0.01,0.25,1.00,1.50,7.00, 8.00,-1.2281212998991775,91.31250985842331,-1.1875,0.10780380820885695,8.517233647368423e-12
0.01,0.25,1.00,1.80,10.00, 1.00,-4.087045089776608,80.50672972440061,-4.0375,0.09187611273684211,4.819834999999999e-12
0.01,0.25,1.00,1.80,10.00, 10.00,0.6677147242402764,114.15606288891995,0.57450455,0.08446224633773475,2.657962526315785e-13
0.01,0.25,1.00,1.80,10.00, 3.00,-3.399006312348601,83.39034907319991,-3.325,0.09140664315636042,4.064831073684207e-12
0.01,0.25,1.00,1.80,10.00, 5.00,-2.6529168986053584,83.39934529726425,-2.6125,0.09077839601865431,2.399548131578948e-12
0.01,0.25,1.00,1.80,10.00, 8.00,-1.1998460814249532,90.57573756398696,-1.1875,0.08914158898433124,1.3761516210526348e-12
0.01,0.25,1.00,1.80,4.00, 1.00,-4.1179755459242715,80.30428707347993,-4.0641176,0.13560221443194023,-3.9946343544236145e-12
0.01,0.25,1.00,1.80,4.00, 10.00,0.6740287181912744,114.41653329928765,0.41410394,0.11942310111120728,5.356515152940811e-12
0.01,0.25,1.00,1.80,4.00, 3.00,-3.4308761919470414,78.14942233475745,-3.5266612999999998,0.13449935885287487,1.1874757224943153e-11
0.01,0.25,1.00,1.80,4.00, 5.00,-2.69044289733699,80.85301123130627,-2.7568023,0.1330455571612833,8.758815868072486e-12
0.01,0.25,1.00,1.80,4.00, 8.00,-1.2479891569630848,85.60421555812573,-1.360743,0.12903366504917646,2.1044733614473712e-12
0.01,0.25,1.00,1.80,7.00, 1.00,-4.097829738212778,80.94847181797341,-4.0375,0.10952958968421052,7.115634986842101e-12
0.01,0.25,1.00,1.80,7.00, 10.00,0.6626430658114622,111.02064912197105,0.34962025,0.09898428676285553,5.633438058157896e-12
0.01,0.25,1.00,1.80,7.00, 3.00,-3.4115500068317846,84.30825637182633,-3.325,0.1088488442105263,1.268733507368422e-12
0.01,0.25,1.00,1.80,7.00, 5.00,-2.6680108100566775,84.15940683725331,-2.6125,0.10793595080573473,4.984317815789474e-12
0.01,0.25,1.00,1.80,7.00, 8.00,-1.2170556599112108,90.87903792633506,-1.1875,0.10548044477359159,4.612709143387271e-12
0.01,0.25,1.00,2.00,10.00, 1.00,-4.080450144455341,79.9827223587698,-4.0375,0.09106228495789474,4.55451571457835e-12
0.01,0.25,1.00,2.00,10.00, 10.00,0.6731649982613173,114.98196334702183,0.67567017,0.08304142923798316,6.355080767181468e-12
0.01,0.25,1.00,2.00,10.00, 3.00,-3.3926589218815035,82.96721569966918,-3.325,0.09055486246273683,5.501980792105263e-12
0.01,0.25,1.00,2.00,10.00, 5.00,-2.647062678819909,83.45520876298885,-2.6125,0.0898684599387162,1.5808663105263158e-12
0.01,0.25,1.00,2.00,10.00, 8.00,-1.19559519320009,90.60629124751104,-1.1966356000000002,0.08808326198848825,1.1891109507033421e-11
0.01,0.25,1.00,2.00,4.00, 1.00,-4.107418891045279,81.62587652198953,-4.0375,0.13382725852631577,-1.2950763026315823e-12
0.01,0.25,1.00,2.00,4.00, 10.00,0.6760316272996956,112.2810802675213,0.35732688,0.1164948852458099,-1.7585368204490513e-12
0.01,0.25,1.00,2.00,4.00, 3.00,-3.423010033243691,85.02265957439558,-3.5625,0.1326723415330484,5.72657274605296e-12
0.01,0.25,1.00,2.00,4.00, 5.00,-2.6818390830580294,84.66403679096771,-2.6125,0.1311178941959579,9.668429010526321e-12
0.01,0.25,1.00,2.00,4.00, 8.00,-1.242819194053136,88.27721035920906,-1.2834618999999998,0.12676471617151108,-5.744994916301913e-12
0.01,0.25,1.00,2.00,7.00, 1.00,-4.091448457712215,80.5947963604718,-4.0375,0.10837556042105263,8.150613869537356e-12
0.01,0.25,1.00,2.00,7.00, 10.00,0.6718558025049175,112.46610482903739,0.38335052,0.09703402634489938,7.96432435429401e-12
0.01,0.25,1.00,2.00,7.00, 3.00,-3.4050521025015485,83.82007953433309,-3.325,0.10765110473684211,8.967006842105257e-12
0.01,0.25,1.00,2.00,7.00, 5.00,-2.661513871349037,83.65870680367786,-2.6125,0.10665895061084632,4.392475438157894e-12
0.01,0.25,1.00,2.00,7.00, 8.00,-1.209010329289622,89.6776942248875,-1.2347743999999998,0.10399309906100211,1.695130943219191e-12
0.01,0.25,1.25,1.50,10.00, 1.00,-4.101778310520752,81.3441360819481,-4.0375,0.0918478458631579,-3.941991417105276e-13
0.01,0.25,1.25,1.50,10.00, 10.00,0.6457837927057887,114.32623726746206,0.54366812,0.08555955214548026,1.0217146787169594e-11
0.01,0.25,1.25,1.50,10.00, 3.00,-3.4146240366269818,81.49775390507537,-3.3722744,0.091446619311296,1.1139192487337777e-11
0.01,0.25,1.25,1.50,10.00, 5.00,-2.6679351611317266,84.23057800203183,-2.6125,0.09091851646497935,4.006947510526317e-12
0.01,0.25,1.25,1.50,10.00, 8.00,-1.2113086793614627,90.22448027960947,-1.1994534,0.08953403399292102,-2.03915295367011e-12
0.01,0.25,1.25,1.50,4.00, 1.00,-4.130354130280273,76.81145406612977,-4.1320488,0.13560229385460632,1.656490394648422e-12
0.01,0.25,1.25,1.50,4.00, 10.00,0.6492129965531757,113.89605497636086,0.47794374,0.1217274798613245,3.2548961603873714e-12
0.01,0.25,1.25,1.50,4.00, 3.00,-3.4451523012871585,78.59404920306058,-3.5625,0.13466214891896422,2.7190049861926726e-12
0.01,0.25,1.25,1.50,4.00, 5.00,-2.7053248339255442,83.3260893472076,-2.6597744,0.13345689429460209,1.1057450084544003e-11
0.01,0.25,1.25,1.50,4.00, 8.00,-1.2643238880065635,92.23204763982535,-1.1875,0.12999767953965474,2.3266148202046743e-12
0.01,0.25,1.25,1.50,7.00, 1.00,-4.112577698651465,81.93083030833019,-4.0375,0.10951347242105264,5.33879985263158e-12
0.01,0.25,1.25,1.50,7.00, 10.00,0.6586068994728873,113.66213229628994,0.40199603,0.10050451329353263,1.6655040782435287e-12
0.01,0.25,1.25,1.50,7.00, 3.00,-3.4265637132339966,85.44722746192947,-3.325,0.10892621115789475,-5.571485368421029e-13
0.01,0.25,1.25,1.50,7.00, 5.00,-2.682772578964004,84.96282785249345,-2.6125,0.10815861745875369,4.994766168421055e-12
0.01,0.25,1.25,1.50,7.00, 8.00,-1.235836910084216,89.85230238013204,-1.2637515,0.1060693107187579,1.6004611146021786e-12
0.01,0.25,1.25,1.80,10.00, 10.00,0.6627886894826452,105.35838347343689,0.41456128,0.08339655542935873,2.0558269235229563e-12
0.01,0.25,1.25,1.80,10.00, 3.00,-3.401835210238272,77.7591188456826,-3.5625,0.09017678885690948,7.811834999999996e-12
0.01,0.25,1.25,1.80,10.00, 5.00,-2.6560484734756202,83.5055931634111,-2.6125,0.08956136488277475,8.802363526315774e-12
0.01,0.25,1.25,1.80,10.00, 8.00,-1.1995793199958917,90.88261970991684,-1.1875,0.08794991729309305,6.145279910526318e-12
0.01,0.25,1.25,1.80,4.00, 1.00,-4.117505351945598,77.41454039496747,-4.0861875,0.13293201284210526,3.8311697468355345e-12
0.01,0.25,1.25,1.80,4.00, 10.00,0.6623476780553315,114.16215786760088,0.60707763,0.11729092955500635,9.854941281532792e-12
0.01,0.25,1.25,1.80,4.00, 3.00,-3.4327593441927156,86.00017799803274,-3.325,0.13189045652631579,2.1127022105263165e-12
0.01,0.25,1.25,1.80,4.00, 5.00,-2.691640229552544,85.24485592944828,-2.6125,0.13049783067805895,6.240334610526316e-12
0.01,0.25,1.25,1.80,4.00, 8.00,-1.2541749397392141,66.50172782290677,-1.425,0.1265618185501979,1.0166366113521188e-11
0.01,0.25,1.25,1.80,7.00, 1.00,-4.1016787735651885,78.11261898356875,-4.1320488,0.10777998958672341,1.5786847735245007e-12
0.01,0.25,1.25,1.80,7.00, 10.00,0.6665001681725939,113.11548356992755,0.51229605,0.0975326431718758,-8.501680593468504e-13
0.01,0.25,1.25,1.80,7.00, 3.00,-3.414670801359424,78.96491774230593,-3.4209619,0.10711961517469473,5.339513451315537e-12
0.01,0.25,1.25,1.80,7.00, 5.00,-2.6717280853389185,80.02596677223978,-2.7084619,0.10623547117754947,4.302136665190528e-12
0.01,0.25,1.25,1.80,7.00, 8.00,-1.2194585239024875,82.83693406034615,-1.4633817,0.10382240037605221,6.811664490019012e-13
0.01,0.25,1.25,2.00,10.00, 1.00,-4.082696814742869,80.06916530970042,-4.0375,0.08984900882623158,2.114983878947369e-12
0.01,0.25,1.25,2.00,10.00, 10.00,0.6837573950490312,112.73334595330122,0.50534602,0.0820259145621888,8.963904745505774e-12
0.01,0.25,1.25,2.00,10.00, 3.00,-3.395357423187781,83.21629053920202,-3.325,0.08935773918926315,1.0440031842105261e-11
0.01,0.25,1.25,2.00,10.00, 5.00,-2.6497353932224037,83.11181873343955,-2.6125,0.08868539471240841,4.4934448210526305e-12
0.01,0.25,1.25,2.00,10.00, 8.00,-1.2001800149076989,89.3026288395611,-1.2361875,0.08692756348164396,2.59922552662569e-12
0.01,0.25,1.25,2.00,4.00, 1.00,-4.110841120632677,76.81228216646963,-4.1320488,0.13122665681970885,4.948281808254589e-12
0.01,0.25,1.25,2.00,4.00, 10.00,0.6745400165497842,113.60507246662523,0.56067476,0.11451238443994152,5.456878145667828e-12
0.01,0.25,1.25,2.00,4.00, 3.00,-3.425659163380036,81.57832881771571,-3.3722744,0.13010337101521685,3.6349900173603372e-12
0.01,0.25,1.25,2.00,4.00, 5.00,-2.6844076796480083,84.78810010961831,-2.6125,0.12859079775621052,-9.8944158263158e-13
0.01,0.25,1.25,2.00,4.00, 8.00,-1.240087685737691,90.08460660605846,-1.2152566999999999,0.12436038026602772,3.187667003771691e-12
0.01,0.25,1.25,2.00,7.00, 1.00,-4.093907575916557,80.74040143979117,-4.0375,0.1066525335512842,4.039048752631579e-12
0.01,0.25,1.25,2.00,7.00, 10.00,0.6764497342294199,116.23659747740626,0.74162576,0.09562430141610442,4.7033504341824e-12
0.01,0.25,1.25,2.00,7.00, 3.00,-3.407870634611456,84.04027936078745,-3.325,0.10595630494736842,4.78249189473684e-13
0.01,0.25,1.25,2.00,7.00, 5.00,-2.6647053309197526,83.80097995820505,-2.6125,0.10498799166726737,4.207529805263157e-12
0.01,0.25,1.25,2.00,7.00, 8.00,-1.21592184646654,90.67990119367974,-1.1875,0.10237895146535833,-5.391513260526315e-12
0.01,0.25,1.50,1.50,10.00, 1.00,-4.103672709966962,81.4595393414972,-4.0375,0.09061818371578946,-5.385986435526317e-12
0.01,0.25,1.50,1.50,10.00, 10.00,0.6502888131964311,115.04021096308108,0.53103338,0.08447592047424554,7.241688824678421e-12
0.01,0.25,1.50,1.50,10.00, 3.00,-3.4159358591787874,84.53427528183857,-3.325,0.0902261027616303,9.136834999999994e-13
0.01,0.25,1.50,1.50,10.00, 5.00,-2.6714113563380946,84.45698444954888,-2.6125,0.08971181771162948,3.1619085210526297e-12
0.01,0.25,1.50,1.50,10.00, 8.00,-1.2160599057192072,91.22430557539455,-1.1875,0.0883398807128899,2.8120219315789473e-12
0.01,0.25,1.50,1.50,4.00, 1.00,-4.132265271418801,83.47415375223588,-4.0375,0.1329343256842105,8.808852842105262e-12
0.01,0.25,1.50,1.50,4.00, 10.00,0.6451439415560615,113.23151884342877,0.50618001,0.1194975788206821,2.8873416376788146e-12
0.01,0.25,1.50,1.50,4.00, 3.00,-3.448824164326253,80.24002350384652,-3.5625,0.13202587484210526,5.0722756376315764e-12
0.01,0.25,1.50,1.50,4.00, 5.00,-2.709066449324007,83.45990855782479,-2.6597744,0.1308583249743326,-2.9784577732260253e-12
0.01,0.25,1.50,1.50,4.00, 8.00,-1.2658134358606867,90.56975118934925,-1.2347743999999998,0.12748583623803614,6.4311075759177935e-12
0.01,0.25,1.50,1.50,7.00, 1.00,-4.115273240367327,82.18238756847433,-4.0375,0.10776327789473683,2.987139393157895e-12
0.01,0.25,1.50,1.50,7.00, 10.00,0.6546751517604913,114.70899934769726,0.42094923,0.09901066040785515,1.1558688523552015e-11
0.01,0.25,1.50,1.50,7.00, 5.00,-2.6865679219958714,85.16140437095169,-2.6125,0.1064546096221979,5.487863536842106e-12
0.01,0.25,1.50,1.50,7.00, 8.00,-1.242993407020663,90.09551675532246,-1.2111372,0.10440132674254737,2.1627793035526363e-12
0.01,0.25,1.50,1.80,10.00, 1.00,-4.091538117602403,80.68136773134121,-4.0375,0.08944177362105264,3.192962035526314e-12
0.01,0.25,1.50,1.80,10.00, 10.00,0.6800713569044128,115.49972938530536,0.44463586,0.08237180649328407,2.613425268953604e-12
0.01,0.25,1.50,1.80,10.00, 3.00,-3.4041668512354364,83.75837924441296,-3.325,0.08899647184210527,-1.7614997578947363e-12
0.01,0.25,1.50,1.80,10.00, 5.00,-2.659329529903006,83.65946080137539,-2.6125,0.08839189361645096,8.898001292105263e-12
0.01,0.25,1.50,1.80,10.00, 8.00,-1.2028837539153614,90.58097910415184,-1.1875,0.08680032470962104,3.823843442105264e-12
0.01,0.25,1.50,1.80,4.00, 1.00,-4.120039153248227,79.19738328106683,-4.0847744,0.1303622734736842,4.310042215595249e-13
0.01,0.25,1.50,1.80,4.00, 10.00,0.6612539459411921,115.72686736213998,0.69962318,0.11521341617925053,2.7882764526315785e-12
0.01,0.25,1.50,1.80,4.00, 3.00,-3.4358605323757447,86.31628830970949,-3.325,0.12934992542292212,2.67675582368421e-12
0.01,0.25,1.50,1.80,4.00, 5.00,-2.6956074664385485,85.59694927810074,-2.6125,0.12800586715263157,-3.484465526315768e-13
0.01,0.25,1.50,1.80,4.00, 8.00,-1.2530573971242953,91.59496170098888,-1.1875,0.1241649417784,1.0770948934172311e-11
0.01,0.25,1.50,1.80,7.00, 1.00,-4.102925976787699,81.31792126454437,-4.0375,0.10608941978947369,4.226244152631579e-12
0.01,0.25,1.50,1.80,7.00, 10.00,0.6637911483924679,115.07534304013788,0.5149005,0.09612091780772693,-5.351721143355265e-12
0.01,0.25,1.50,1.80,7.00, 3.00,-3.417072709889029,84.69909765502848,-3.325,0.10544891094736841,4.222160965789474e-12
0.01,0.25,1.50,1.80,7.00, 5.00,-2.6743687503786746,84.3415381826221,-2.6125,0.10458321381898948,9.025551815526319e-12
0.01,0.25,1.50,1.80,7.00, 8.00,-1.222982713001153,90.99678999016254,-1.1875,0.10221717942112,6.97694099473684e-12
0.01,0.25,1.50,2.00,10.00, 1.00,-4.085615906374129,80.31447468593588,-4.0360869,0.0886670444631579,1.481811976512253e-11
0.01,0.25,1.50,2.00,10.00, 10.00,0.6722994061503531,114.0554769643085,0.62988931,0.081010326335192,-5.714405088298239e-13
0.01,0.25,1.50,2.00,10.00, 3.00,-3.3982965304132438,83.37838372635909,-3.4894311,0.08818626484161683,7.254666740019274e-12
0.01,0.25,1.50,2.00,10.00, 5.00,-2.6536249096434523,79.47622835327935,-2.7053542999999998,0.08753287996353643,2.7031895221969584e-12
0.01,0.25,1.50,2.00,10.00, 8.00,-1.2023453883858943,89.64648540396082,-1.2347743999999998,0.08580115214837074,2.002385230764789e-12
0.01,0.25,1.50,2.00,4.00, 1.00,-4.1128874097270005,82.01711848057974,-4.0375,0.12871387421343158,1.1766698457894738e-11
0.01,0.25,1.50,2.00,4.00, 10.00,0.6762403270399908,116.09453673082325,0.73366497,0.11254947890444389,7.965440959348654e-12
0.01,0.25,1.50,2.00,4.00, 3.00,-3.4290942402307643,85.78624766329,-3.325,0.12763192773749474,6.3561279315789425e-12
0.01,0.25,1.50,2.00,4.00, 5.00,-2.688729564299505,85.12934310505752,-2.6125,0.12618195760485051,4.7420266157894746e-12
0.01,0.25,1.50,2.00,4.00, 8.00,-1.2445736091859227,91.2682809181968,-1.1875,0.12205395208898999,9.666160947368423e-12
0.01,0.25,1.50,2.00,7.00, 1.00,-4.096202407493603,80.7281707894819,-4.0375,0.1049985298900421,3.872463584210524e-12
0.01,0.25,1.50,2.00,7.00, 10.00,0.6708109582920604,113.67276749531663,0.48594028,0.09426686762588925,1.4278864019008e-11
0.01,0.25,1.50,2.00,7.00, 3.00,-3.4107016492177107,79.7065109876399,-3.5625,0.10430902596401263,1.1072086631578949e-11
0.01,0.25,1.50,2.00,7.00, 5.00,-2.668448970359901,84.04640297748416,-2.6125,0.10337086838229052,8.181465755564118e-12
0.01,0.25,1.50,2.00,7.00, 8.00,-1.2207136823774536,88.84830864834832,-1.3941455,0.10080908971648467,3.0904706701663126e-12
